pagina,indice,texto,href,tipo,estado,destino,observacion,decision_revisor,evidencia_revisor
/404.html,1,Saltar al contenido principal,#contenido-principal,ancla_en_pagina,resuelto_localmente,#contenido-principal,,aprobado,/404.html: destino local presente en dist/.
/404.html,2,HII Historia Contemporánea de México II Preparatoria Agrícola · UACh,/,ruta_interna,resuelto_localmente,/,,aprobado,/404.html: destino local presente en dist/.
/404.html,3,Lecturas,/lecturas/,ruta_interna,resuelto_localmente,/lecturas/,,aprobado,/404.html: destino local presente en dist/.
/404.html,4,Unidades,/unidades/regimen-porfirista/,ruta_interna,resuelto_localmente,/unidades/regimen-porfirista/,,aprobado,/404.html: destino local presente en dist/.
/404.html,5,Orientaciones,/orientaciones/,ruta_interna,resuelto_localmente,/orientaciones/,,aprobado,/404.html: destino local presente en dist/.
/404.html,6,Acerca,/acerca/,ruta_interna,resuelto_localmente,/acerca/,,aprobado,/404.html: destino local presente en dist/.
/404.html,7,Volver al catálogo,/lecturas/,ruta_interna,resuelto_localmente,/lecturas/,,aprobado,/404.html: destino local presente en dist/.
/404.html,8,Metodología y límites,/acerca/,ruta_interna,resuelto_localmente,/acerca/,,aprobado,/404.html: destino local presente en dist/.
/404.html,9,Navegación docente,/orientaciones/,ruta_interna,resuelto_localmente,/orientaciones/,,aprobado,/404.html: destino local presente en dist/.
/acerca/,1,Saltar al contenido principal,#contenido-principal,ancla_en_pagina,resuelto_localmente,#contenido-principal,,aprobado,/acerca/: destino local presente en dist/.
/acerca/,2,HII Historia Contemporánea de México II Preparatoria Agrícola · UACh,/,ruta_interna,resuelto_localmente,/,,aprobado,/acerca/: destino local presente en dist/.
/acerca/,3,Lecturas,/lecturas/,ruta_interna,resuelto_localmente,/lecturas/,,aprobado,/acerca/: destino local presente en dist/.
/acerca/,4,Unidades,/unidades/regimen-porfirista/,ruta_interna,resuelto_localmente,/unidades/regimen-porfirista/,,aprobado,/acerca/: destino local presente en dist/.
/acerca/,5,Orientaciones,/orientaciones/,ruta_interna,resuelto_localmente,/orientaciones/,,aprobado,/acerca/: destino local presente en dist/.
/acerca/,6,Acerca,/acerca/,ruta_interna,resuelto_localmente,/acerca/,,aprobado,/acerca/: destino local presente en dist/.
/acerca/,7,Explorar las lecturas,/lecturas/,ruta_interna,resuelto_localmente,/lecturas/,,aprobado,/acerca/: destino local presente en dist/.
/acerca/,8,Consultar la navegación docente,/orientaciones/,ruta_interna,resuelto_localmente,/orientaciones/,,aprobado,/acerca/: destino local presente en dist/.
/acerca/,9,Metodología y límites,/acerca/,ruta_interna,resuelto_localmente,/acerca/,,aprobado,/acerca/: destino local presente en dist/.
/acerca/,10,Navegación docente,/orientaciones/,ruta_interna,resuelto_localmente,/orientaciones/,,aprobado,/acerca/: destino local presente en dist/.
/,1,Saltar al contenido principal,#contenido-principal,ancla_en_pagina,resuelto_localmente,#contenido-principal,,aprobado,/: destino local presente en dist/.
/,2,HII Historia Contemporánea de México II Preparatoria Agrícola · UACh,/,ruta_interna,resuelto_localmente,/,,aprobado,/: destino local presente en dist/.
/,3,Lecturas,/lecturas/,ruta_interna,resuelto_localmente,/lecturas/,,aprobado,/: destino local presente en dist/.
/,4,Unidades,/unidades/regimen-porfirista/,ruta_interna,resuelto_localmente,/unidades/regimen-porfirista/,,aprobado,/: destino local presente en dist/.
/,5,Orientaciones,/orientaciones/,ruta_interna,resuelto_localmente,/orientaciones/,,aprobado,/: destino local presente en dist/.
/,6,Acerca,/acerca/,ruta_interna,resuelto_localmente,/acerca/,,aprobado,/: destino local presente en dist/.
/,7,Explorar las lecturas,/lecturas/,ruta_interna,resuelto_localmente,/lecturas/,,aprobado,/: destino local presente en dist/.
/,8,Consultar orientaciones,/orientaciones/,ruta_interna,resuelto_localmente,/orientaciones/,,aprobado,/: destino local presente en dist/.
/,9,01 Unidad 1 Régimen Porfirista,/unidades/regimen-porfirista/,ruta_interna,resuelto_localmente,/unidades/regimen-porfirista/,,aprobado,/: destino local presente en dist/.
/,10,02 Unidad 2 Revolución Mexicana,/unidades/revolucion-mexicana/,ruta_interna,resuelto_localmente,/unidades/revolucion-mexicana/,,aprobado,/: destino local presente en dist/.
/,11,03 Unidad 3 Estado surgido de la Revolución,/unidades/estado-surgido-de-la-revolucion/,ruta_interna,resuelto_localmente,/unidades/estado-surgido-de-la-revolucion/,,aprobado,/: destino local presente en dist/.
/,12,04 Unidad 4 Consolidación del sistema político autoritario,/unidades/consolidacion-sistema-politico-autoritario/,ruta_interna,resuelto_localmente,/unidades/consolidacion-sistema-politico-autoritario/,,aprobado,/: destino local presente en dist/.
/,13,05 Unidad 5 Neoliberalismo y alternancia,/unidades/neoliberalismo-y-alternancia/,ruta_interna,resuelto_localmente,/unidades/neoliberalismo-y-alternancia/,,aprobado,/: destino local presente en dist/.
/,14,Ver las 20 lecturas,/lecturas/,ruta_interna,resuelto_localmente,/lecturas/,,aprobado,/: destino local presente en dist/.
/,15,La dictadura porfirista,/lecturas/dictadura-porfirista/,ruta_interna,resuelto_localmente,/lecturas/dictadura-porfirista/,,aprobado,/: destino local presente en dist/.
/,16,Régimen Porfirista,/unidades/regimen-porfirista/,ruta_interna,resuelto_localmente,/unidades/regimen-porfirista/,,aprobado,/: destino local presente en dist/.
/,17,Consultar lectura y ficha →,/lecturas/dictadura-porfirista/,ruta_interna,resuelto_localmente,/lecturas/dictadura-porfirista/,,aprobado,/: destino local presente en dist/.
/,18,"Yaquis. Memoria, territorio y participación política",/lecturas/yaquis-memoria-territorio-participacion-politica/,ruta_interna,resuelto_localmente,/lecturas/yaquis-memoria-territorio-participacion-politica/,,aprobado,/: destino local presente en dist/.
/,19,Régimen Porfirista,/unidades/regimen-porfirista/,ruta_interna,resuelto_localmente,/unidades/regimen-porfirista/,,aprobado,/: destino local presente en dist/.
/,20,Consultar lectura y ficha →,/lecturas/yaquis-memoria-territorio-participacion-politica/,ruta_interna,resuelto_localmente,/lecturas/yaquis-memoria-territorio-participacion-politica/,,aprobado,/: destino local presente en dist/.
/,21,Las elecciones y el sistema político,/lecturas/elecciones-sistema-politico/,ruta_interna,resuelto_localmente,/lecturas/elecciones-sistema-politico/,,aprobado,/: destino local presente en dist/.
/,22,Consolidación del sistema político autoritario,/unidades/consolidacion-sistema-politico-autoritario/,ruta_interna,resuelto_localmente,/unidades/consolidacion-sistema-politico-autoritario/,,aprobado,/: destino local presente en dist/.
/,23,Consultar lectura y ficha →,/lecturas/elecciones-sistema-politico/,ruta_interna,resuelto_localmente,/lecturas/elecciones-sistema-politico/,,aprobado,/: destino local presente en dist/.
/,24,Abrir la orientación de Unidad 3,/orientaciones/unidad-3-estado-surgido-de-la-revolucion/,ruta_interna,resuelto_localmente,/orientaciones/unidad-3-estado-surgido-de-la-revolucion/,,aprobado,/: destino local presente en dist/.
/,25,Metodología y límites,/acerca/,ruta_interna,resuelto_localmente,/acerca/,,aprobado,/: destino local presente en dist/.
/,26,Navegación docente,/orientaciones/,ruta_interna,resuelto_localmente,/orientaciones/,,aprobado,/: destino local presente en dist/.
/lecturas/crisis-del-porfirismo/,1,Saltar al contenido principal,#contenido-principal,ancla_en_pagina,resuelto_localmente,#contenido-principal,,aprobado,/lecturas/crisis-del-porfirismo/: destino local presente en dist/.
/lecturas/crisis-del-porfirismo/,2,HII Historia Contemporánea de México II Preparatoria Agrícola · UACh,/,ruta_interna,resuelto_localmente,/,,aprobado,/lecturas/crisis-del-porfirismo/: destino local presente en dist/.
/lecturas/crisis-del-porfirismo/,3,Lecturas,/lecturas/,ruta_interna,resuelto_localmente,/lecturas/,,aprobado,/lecturas/crisis-del-porfirismo/: destino local presente en dist/.
/lecturas/crisis-del-porfirismo/,4,Unidades,/unidades/regimen-porfirista/,ruta_interna,resuelto_localmente,/unidades/regimen-porfirista/,,aprobado,/lecturas/crisis-del-porfirismo/: destino local presente en dist/.
/lecturas/crisis-del-porfirismo/,5,Orientaciones,/orientaciones/,ruta_interna,resuelto_localmente,/orientaciones/,,aprobado,/lecturas/crisis-del-porfirismo/: destino local presente en dist/.
/lecturas/crisis-del-porfirismo/,6,Acerca,/acerca/,ruta_interna,resuelto_localmente,/acerca/,,aprobado,/lecturas/crisis-del-porfirismo/: destino local presente en dist/.
/lecturas/crisis-del-porfirismo/,7,Inicio,/,ruta_interna,resuelto_localmente,/,,aprobado,/lecturas/crisis-del-porfirismo/: destino local presente en dist/.
/lecturas/crisis-del-porfirismo/,8,Lecturas,/lecturas/,ruta_interna,resuelto_localmente,/lecturas/,,aprobado,/lecturas/crisis-del-porfirismo/: destino local presente en dist/.
/lecturas/crisis-del-porfirismo/,9,Abrir fuente institucional de La Revolución y los revolucionarios. Tomo I: La crisis del Porfirismo,https://inehrm.gob.mx/work/models/inehrm/Resource/455/1/images/Tomo_I.pdf,externo_institucional_o_fuente,verificado_disponible,https://inehrm.gob.mx/work/models/inehrm/Resource/455/1/images/Tomo_I.pdf,PDF oficial localizado en el dominio vigente del INEHRM; conserva la ruta del recurso alojada antes en el dominio legado. Verificado el 2026-09-01.,aprobado,PDF oficial localizado en el dominio vigente del INEHRM; conserva la ruta del recurso alojada antes en el dominio legado. Verificado el 2026-09-01.
/lecturas/crisis-del-porfirismo/,10,PDF institucional del INEHRM,https://inehrm.gob.mx/work/models/inehrm/Resource/455/1/images/Tomo_I.pdf,externo_institucional_o_fuente,verificado_disponible,https://inehrm.gob.mx/work/models/inehrm/Resource/455/1/images/Tomo_I.pdf,PDF oficial localizado en el dominio vigente del INEHRM; conserva la ruta del recurso alojada antes en el dominio legado. Verificado el 2026-09-01.,aprobado,PDF oficial localizado en el dominio vigente del INEHRM; conserva la ruta del recurso alojada antes en el dominio legado. Verificado el 2026-09-01.
/lecturas/crisis-del-porfirismo/,11,Régimen Porfirista,/unidades/regimen-porfirista/,ruta_interna,resuelto_localmente,/unidades/regimen-porfirista/,,aprobado,/lecturas/crisis-del-porfirismo/: destino local presente en dist/.
/lecturas/crisis-del-porfirismo/,12,Revolución Mexicana,/unidades/revolucion-mexicana/,ruta_interna,resuelto_localmente,/unidades/revolucion-mexicana/,,aprobado,/lecturas/crisis-del-porfirismo/: destino local presente en dist/.
/lecturas/crisis-del-porfirismo/,13,Metodología y límites,/acerca/,ruta_interna,resuelto_localmente,/acerca/,,aprobado,/lecturas/crisis-del-porfirismo/: destino local presente en dist/.
/lecturas/crisis-del-porfirismo/,14,Navegación docente,/orientaciones/,ruta_interna,resuelto_localmente,/orientaciones/,,aprobado,/lecturas/crisis-del-porfirismo/: destino local presente en dist/.
/lecturas/dictadura-porfirista/,1,Saltar al contenido principal,#contenido-principal,ancla_en_pagina,resuelto_localmente,#contenido-principal,,aprobado,/lecturas/dictadura-porfirista/: destino local presente en dist/.
/lecturas/dictadura-porfirista/,2,HII Historia Contemporánea de México II Preparatoria Agrícola · UACh,/,ruta_interna,resuelto_localmente,/,,aprobado,/lecturas/dictadura-porfirista/: destino local presente en dist/.
/lecturas/dictadura-porfirista/,3,Lecturas,/lecturas/,ruta_interna,resuelto_localmente,/lecturas/,,aprobado,/lecturas/dictadura-porfirista/: destino local presente en dist/.
/lecturas/dictadura-porfirista/,4,Unidades,/unidades/regimen-porfirista/,ruta_interna,resuelto_localmente,/unidades/regimen-porfirista/,,aprobado,/lecturas/dictadura-porfirista/: destino local presente en dist/.
/lecturas/dictadura-porfirista/,5,Orientaciones,/orientaciones/,ruta_interna,resuelto_localmente,/orientaciones/,,aprobado,/lecturas/dictadura-porfirista/: destino local presente en dist/.
/lecturas/dictadura-porfirista/,6,Acerca,/acerca/,ruta_interna,resuelto_localmente,/acerca/,,aprobado,/lecturas/dictadura-porfirista/: destino local presente en dist/.
/lecturas/dictadura-porfirista/,7,Inicio,/,ruta_interna,resuelto_localmente,/,,aprobado,/lecturas/dictadura-porfirista/: destino local presente en dist/.
/lecturas/dictadura-porfirista/,8,Lecturas,/lecturas/,ruta_interna,resuelto_localmente,/lecturas/,,aprobado,/lecturas/dictadura-porfirista/: destino local presente en dist/.
/lecturas/dictadura-porfirista/,9,Abrir fuente institucional de La dictadura porfirista,https://www.inehrm.gob.mx/es/inehrm/La_Dictadura_Porfirista,externo_institucional_o_fuente,verificado_disponible,https://www.inehrm.gob.mx/es/inehrm/La_Dictadura_Porfirista,Página institucional identificada como La Dictadura Porfirista.,aprobado,Página institucional identificada como La Dictadura Porfirista.
/lecturas/dictadura-porfirista/,10,https://www.inehrm.gob.mx/es/inehrm/La_Dictadura_Porfirista,https://www.inehrm.gob.mx/es/inehrm/La_Dictadura_Porfirista,externo_institucional_o_fuente,verificado_disponible,https://www.inehrm.gob.mx/es/inehrm/La_Dictadura_Porfirista,Página institucional identificada como La Dictadura Porfirista.,aprobado,Página institucional identificada como La Dictadura Porfirista.
/lecturas/dictadura-porfirista/,11,Régimen Porfirista,/unidades/regimen-porfirista/,ruta_interna,resuelto_localmente,/unidades/regimen-porfirista/,,aprobado,/lecturas/dictadura-porfirista/: destino local presente en dist/.
/lecturas/dictadura-porfirista/,12,Revolución Mexicana,/unidades/revolucion-mexicana/,ruta_interna,resuelto_localmente,/unidades/revolucion-mexicana/,,aprobado,/lecturas/dictadura-porfirista/: destino local presente en dist/.
/lecturas/dictadura-porfirista/,13,"Modernización, territorio y contradicciones en el Régimen Porfirista",/orientaciones/modernizacion-territorio-contradicciones-regimen-porfirista/,ruta_interna,resuelto_localmente,/orientaciones/modernizacion-territorio-contradicciones-regimen-porfirista/,,aprobado,/lecturas/dictadura-porfirista/: destino local presente en dist/.
/lecturas/dictadura-porfirista/,14,"Estado, reelección y legitimidad en el Régimen Porfirista",/orientaciones/estado-reeleccion-legitimidad-regimen-porfirista/,ruta_interna,resuelto_localmente,/orientaciones/estado-reeleccion-legitimidad-regimen-porfirista/,,aprobado,/lecturas/dictadura-porfirista/: destino local presente en dist/.
/lecturas/dictadura-porfirista/,15,Metodología y límites,/acerca/,ruta_interna,resuelto_localmente,/acerca/,,aprobado,/lecturas/dictadura-porfirista/: destino local presente en dist/.
/lecturas/dictadura-porfirista/,16,Navegación docente,/orientaciones/,ruta_interna,resuelto_localmente,/orientaciones/,,aprobado,/lecturas/dictadura-porfirista/: destino local presente en dist/.
/lecturas/documentos-fundamentales-revolucion-mexicana/,1,Saltar al contenido principal,#contenido-principal,ancla_en_pagina,resuelto_localmente,#contenido-principal,,aprobado,/lecturas/documentos-fundamentales-revolucion-mexicana/: destino local presente en dist/.
/lecturas/documentos-fundamentales-revolucion-mexicana/,2,HII Historia Contemporánea de México II Preparatoria Agrícola · UACh,/,ruta_interna,resuelto_localmente,/,,aprobado,/lecturas/documentos-fundamentales-revolucion-mexicana/: destino local presente en dist/.
/lecturas/documentos-fundamentales-revolucion-mexicana/,3,Lecturas,/lecturas/,ruta_interna,resuelto_localmente,/lecturas/,,aprobado,/lecturas/documentos-fundamentales-revolucion-mexicana/: destino local presente en dist/.
/lecturas/documentos-fundamentales-revolucion-mexicana/,4,Unidades,/unidades/regimen-porfirista/,ruta_interna,resuelto_localmente,/unidades/regimen-porfirista/,,aprobado,/lecturas/documentos-fundamentales-revolucion-mexicana/: destino local presente en dist/.
/lecturas/documentos-fundamentales-revolucion-mexicana/,5,Orientaciones,/orientaciones/,ruta_interna,resuelto_localmente,/orientaciones/,,aprobado,/lecturas/documentos-fundamentales-revolucion-mexicana/: destino local presente en dist/.
/lecturas/documentos-fundamentales-revolucion-mexicana/,6,Acerca,/acerca/,ruta_interna,resuelto_localmente,/acerca/,,aprobado,/lecturas/documentos-fundamentales-revolucion-mexicana/: destino local presente en dist/.
/lecturas/documentos-fundamentales-revolucion-mexicana/,7,Inicio,/,ruta_interna,resuelto_localmente,/,,aprobado,/lecturas/documentos-fundamentales-revolucion-mexicana/: destino local presente en dist/.
/lecturas/documentos-fundamentales-revolucion-mexicana/,8,Lecturas,/lecturas/,ruta_interna,resuelto_localmente,/lecturas/,,aprobado,/lecturas/documentos-fundamentales-revolucion-mexicana/: destino local presente en dist/.
/lecturas/documentos-fundamentales-revolucion-mexicana/,9,Abrir fuente institucional de Documentos fundamentales de la Revolución Mexicana,https://www.inehrm.gob.mx/recursos/Libros/Documentos_fundamentales_de_la_Revolucion_Mexicana.pdf,externo_institucional_o_fuente,verificado_disponible,https://www.inehrm.gob.mx/recursos/Libros/Documentos_fundamentales_de_la_Revolucion_Mexicana.pdf,PDF institucional disponible.,aprobado,PDF institucional disponible.
/lecturas/documentos-fundamentales-revolucion-mexicana/,10,PDF institucional del INEHRM,https://www.inehrm.gob.mx/recursos/Libros/Documentos_fundamentales_de_la_Revolucion_Mexicana.pdf,externo_institucional_o_fuente,verificado_disponible,https://www.inehrm.gob.mx/recursos/Libros/Documentos_fundamentales_de_la_Revolucion_Mexicana.pdf,PDF institucional disponible.,aprobado,PDF institucional disponible.
/lecturas/documentos-fundamentales-revolucion-mexicana/,11,Revolución Mexicana,/unidades/revolucion-mexicana/,ruta_interna,resuelto_localmente,/unidades/revolucion-mexicana/,,aprobado,/lecturas/documentos-fundamentales-revolucion-mexicana/: destino local presente en dist/.
/lecturas/documentos-fundamentales-revolucion-mexicana/,12,Régimen Porfirista,/unidades/regimen-porfirista/,ruta_interna,resuelto_localmente,/unidades/regimen-porfirista/,,aprobado,/lecturas/documentos-fundamentales-revolucion-mexicana/: destino local presente en dist/.
/lecturas/documentos-fundamentales-revolucion-mexicana/,13,Estado surgido de la Revolución,/unidades/estado-surgido-de-la-revolucion/,ruta_interna,resuelto_localmente,/unidades/estado-surgido-de-la-revolucion/,,aprobado,/lecturas/documentos-fundamentales-revolucion-mexicana/: destino local presente en dist/.
/lecturas/documentos-fundamentales-revolucion-mexicana/,14,Consolidación del sistema político autoritario,/unidades/consolidacion-sistema-politico-autoritario/,ruta_interna,resuelto_localmente,/unidades/consolidacion-sistema-politico-autoritario/,,aprobado,/lecturas/documentos-fundamentales-revolucion-mexicana/: destino local presente en dist/.
/lecturas/documentos-fundamentales-revolucion-mexicana/,15,Del antirreeleccionismo al levantamiento,/orientaciones/antirreeleccionismo-levantamiento-revolucion-mexicana/,ruta_interna,resuelto_localmente,/orientaciones/antirreeleccionismo-levantamiento-revolucion-mexicana/,,aprobado,/lecturas/documentos-fundamentales-revolucion-mexicana/: destino local presente en dist/.
/lecturas/documentos-fundamentales-revolucion-mexicana/,16,Trama transversal de la Unidad 3 — Estado surgido de la Revolución,/orientaciones/unidad-3-estado-surgido-de-la-revolucion/,ruta_interna,resuelto_localmente,/orientaciones/unidad-3-estado-surgido-de-la-revolucion/,,aprobado,/lecturas/documentos-fundamentales-revolucion-mexicana/: destino local presente en dist/.
/lecturas/documentos-fundamentales-revolucion-mexicana/,17,Metodología y límites,/acerca/,ruta_interna,resuelto_localmente,/acerca/,,aprobado,/lecturas/documentos-fundamentales-revolucion-mexicana/: destino local presente en dist/.
/lecturas/documentos-fundamentales-revolucion-mexicana/,18,Navegación docente,/orientaciones/,ruta_interna,resuelto_localmente,/orientaciones/,,aprobado,/lecturas/documentos-fundamentales-revolucion-mexicana/: destino local presente en dist/.
/lecturas/elecciones-sistema-politico/,1,Saltar al contenido principal,#contenido-principal,ancla_en_pagina,resuelto_localmente,#contenido-principal,,aprobado,/lecturas/elecciones-sistema-politico/: destino local presente en dist/.
/lecturas/elecciones-sistema-politico/,2,HII Historia Contemporánea de México II Preparatoria Agrícola · UACh,/,ruta_interna,resuelto_localmente,/,,aprobado,/lecturas/elecciones-sistema-politico/: destino local presente en dist/.
/lecturas/elecciones-sistema-politico/,3,Lecturas,/lecturas/,ruta_interna,resuelto_localmente,/lecturas/,,aprobado,/lecturas/elecciones-sistema-politico/: destino local presente en dist/.
/lecturas/elecciones-sistema-politico/,4,Unidades,/unidades/regimen-porfirista/,ruta_interna,resuelto_localmente,/unidades/regimen-porfirista/,,aprobado,/lecturas/elecciones-sistema-politico/: destino local presente en dist/.
/lecturas/elecciones-sistema-politico/,5,Orientaciones,/orientaciones/,ruta_interna,resuelto_localmente,/orientaciones/,,aprobado,/lecturas/elecciones-sistema-politico/: destino local presente en dist/.
/lecturas/elecciones-sistema-politico/,6,Acerca,/acerca/,ruta_interna,resuelto_localmente,/acerca/,,aprobado,/lecturas/elecciones-sistema-politico/: destino local presente en dist/.
/lecturas/elecciones-sistema-politico/,7,Inicio,/,ruta_interna,resuelto_localmente,/,,aprobado,/lecturas/elecciones-sistema-politico/: destino local presente en dist/.
/lecturas/elecciones-sistema-politico/,8,Lecturas,/lecturas/,ruta_interna,resuelto_localmente,/lecturas/,,aprobado,/lecturas/elecciones-sistema-politico/: destino local presente en dist/.
/lecturas/elecciones-sistema-politico/,9,Abrir fuente institucional de Las elecciones y el sistema político,https://historiamexicana.colmex.mx/index.php/RHM/article/view/4313/4529,externo_institucional_o_fuente,verificado_bloqueo_tecnico,https://historiamexicana.colmex.mx/index.php/RHM/article/view/4313/4529,El destino mostró una verificación de seguridad; la URL canónica se conserva. Hallazgo OBS-EXT-01.,aprobado_con_observacion,El destino mostró una verificación de seguridad; la URL canónica se conserva. Hallazgo OBS-EXT-01.
/lecturas/elecciones-sistema-politico/,10,Artículo en Historia Mexicana,https://historiamexicana.colmex.mx/index.php/RHM/article/view/4313/4529,externo_institucional_o_fuente,verificado_bloqueo_tecnico,https://historiamexicana.colmex.mx/index.php/RHM/article/view/4313/4529,El destino mostró una verificación de seguridad; la URL canónica se conserva. Hallazgo OBS-EXT-01.,aprobado_con_observacion,El destino mostró una verificación de seguridad; la URL canónica se conserva. Hallazgo OBS-EXT-01.
/lecturas/elecciones-sistema-politico/,11,Consolidación del sistema político autoritario,/unidades/consolidacion-sistema-politico-autoritario/,ruta_interna,resuelto_localmente,/unidades/consolidacion-sistema-politico-autoritario/,,aprobado,/lecturas/elecciones-sistema-politico/: destino local presente en dist/.
/lecturas/elecciones-sistema-politico/,12,Estado surgido de la Revolución,/unidades/estado-surgido-de-la-revolucion/,ruta_interna,resuelto_localmente,/unidades/estado-surgido-de-la-revolucion/,,aprobado,/lecturas/elecciones-sistema-politico/: destino local presente en dist/.
/lecturas/elecciones-sistema-politico/,13,Neoliberalismo y alternancia,/unidades/neoliberalismo-y-alternancia/,ruta_interna,resuelto_localmente,/unidades/neoliberalismo-y-alternancia/,,aprobado,/lecturas/elecciones-sistema-politico/: destino local presente en dist/.
/lecturas/elecciones-sistema-politico/,14,Trama transversal de la Unidad 3 — Estado surgido de la Revolución,/orientaciones/unidad-3-estado-surgido-de-la-revolucion/,ruta_interna,resuelto_localmente,/orientaciones/unidad-3-estado-surgido-de-la-revolucion/,,aprobado,/lecturas/elecciones-sistema-politico/: destino local presente en dist/.
/lecturas/elecciones-sistema-politico/,15,Metodología y límites,/acerca/,ruta_interna,resuelto_localmente,/acerca/,,aprobado,/lecturas/elecciones-sistema-politico/: destino local presente en dist/.
/lecturas/elecciones-sistema-politico/,16,Navegación docente,/orientaciones/,ruta_interna,resuelto_localmente,/orientaciones/,,aprobado,/lecturas/elecciones-sistema-politico/: destino local presente en dist/.
/lecturas/felipe-angeles-general-revolucionario-generoso-academico/,1,Saltar al contenido principal,#contenido-principal,ancla_en_pagina,resuelto_localmente,#contenido-principal,,aprobado,/lecturas/felipe-angeles-general-revolucionario-generoso-academico/: destino local presente en dist/.
/lecturas/felipe-angeles-general-revolucionario-generoso-academico/,2,HII Historia Contemporánea de México II Preparatoria Agrícola · UACh,/,ruta_interna,resuelto_localmente,/,,aprobado,/lecturas/felipe-angeles-general-revolucionario-generoso-academico/: destino local presente en dist/.
/lecturas/felipe-angeles-general-revolucionario-generoso-academico/,3,Lecturas,/lecturas/,ruta_interna,resuelto_localmente,/lecturas/,,aprobado,/lecturas/felipe-angeles-general-revolucionario-generoso-academico/: destino local presente en dist/.
/lecturas/felipe-angeles-general-revolucionario-generoso-academico/,4,Unidades,/unidades/regimen-porfirista/,ruta_interna,resuelto_localmente,/unidades/regimen-porfirista/,,aprobado,/lecturas/felipe-angeles-general-revolucionario-generoso-academico/: destino local presente en dist/.
/lecturas/felipe-angeles-general-revolucionario-generoso-academico/,5,Orientaciones,/orientaciones/,ruta_interna,resuelto_localmente,/orientaciones/,,aprobado,/lecturas/felipe-angeles-general-revolucionario-generoso-academico/: destino local presente en dist/.
/lecturas/felipe-angeles-general-revolucionario-generoso-academico/,6,Acerca,/acerca/,ruta_interna,resuelto_localmente,/acerca/,,aprobado,/lecturas/felipe-angeles-general-revolucionario-generoso-academico/: destino local presente en dist/.
/lecturas/felipe-angeles-general-revolucionario-generoso-academico/,7,Inicio,/,ruta_interna,resuelto_localmente,/,,aprobado,/lecturas/felipe-angeles-general-revolucionario-generoso-academico/: destino local presente en dist/.
/lecturas/felipe-angeles-general-revolucionario-generoso-academico/,8,Lecturas,/lecturas/,ruta_interna,resuelto_localmente,/lecturas/,,aprobado,/lecturas/felipe-angeles-general-revolucionario-generoso-academico/: destino local presente en dist/.
/lecturas/felipe-angeles-general-revolucionario-generoso-academico/,9,"Abrir fuente institucional de Felipe Ángeles: El general revolucionario y el generoso académico. Entre la milicia, la física y las matemáticas",https://www.inehrm.gob.mx/recursos/Libros/2024_felipe_angeles_elgral_revolucionario_yel_generoso_academico.pdf,externo_institucional_o_fuente,verificado_disponible,https://www.inehrm.gob.mx/recursos/Libros/2024_felipe_angeles_elgral_revolucionario_yel_generoso_academico.pdf,PDF institucional disponible.,aprobado,PDF institucional disponible.
/lecturas/felipe-angeles-general-revolucionario-generoso-academico/,10,Libro digital del INEHRM,https://www.inehrm.gob.mx/recursos/Libros/2024_felipe_angeles_elgral_revolucionario_yel_generoso_academico.pdf,externo_institucional_o_fuente,verificado_disponible,https://www.inehrm.gob.mx/recursos/Libros/2024_felipe_angeles_elgral_revolucionario_yel_generoso_academico.pdf,PDF institucional disponible.,aprobado,PDF institucional disponible.
/lecturas/felipe-angeles-general-revolucionario-generoso-academico/,11,Revolución Mexicana,/unidades/revolucion-mexicana/,ruta_interna,resuelto_localmente,/unidades/revolucion-mexicana/,,aprobado,/lecturas/felipe-angeles-general-revolucionario-generoso-academico/: destino local presente en dist/.
/lecturas/felipe-angeles-general-revolucionario-generoso-academico/,12,Metodología y límites,/acerca/,ruta_interna,resuelto_localmente,/acerca/,,aprobado,/lecturas/felipe-angeles-general-revolucionario-generoso-academico/: destino local presente en dist/.
/lecturas/felipe-angeles-general-revolucionario-generoso-academico/,13,Navegación docente,/orientaciones/,ruta_interna,resuelto_localmente,/orientaciones/,,aprobado,/lecturas/felipe-angeles-general-revolucionario-generoso-academico/: destino local presente en dist/.
/lecturas/historia-militar-revolucion-epoca-maderista-tomo-1/,1,Saltar al contenido principal,#contenido-principal,ancla_en_pagina,resuelto_localmente,#contenido-principal,,aprobado,/lecturas/historia-militar-revolucion-epoca-maderista-tomo-1/: destino local presente en dist/.
/lecturas/historia-militar-revolucion-epoca-maderista-tomo-1/,2,HII Historia Contemporánea de México II Preparatoria Agrícola · UACh,/,ruta_interna,resuelto_localmente,/,,aprobado,/lecturas/historia-militar-revolucion-epoca-maderista-tomo-1/: destino local presente en dist/.
/lecturas/historia-militar-revolucion-epoca-maderista-tomo-1/,3,Lecturas,/lecturas/,ruta_interna,resuelto_localmente,/lecturas/,,aprobado,/lecturas/historia-militar-revolucion-epoca-maderista-tomo-1/: destino local presente en dist/.
/lecturas/historia-militar-revolucion-epoca-maderista-tomo-1/,4,Unidades,/unidades/regimen-porfirista/,ruta_interna,resuelto_localmente,/unidades/regimen-porfirista/,,aprobado,/lecturas/historia-militar-revolucion-epoca-maderista-tomo-1/: destino local presente en dist/.
/lecturas/historia-militar-revolucion-epoca-maderista-tomo-1/,5,Orientaciones,/orientaciones/,ruta_interna,resuelto_localmente,/orientaciones/,,aprobado,/lecturas/historia-militar-revolucion-epoca-maderista-tomo-1/: destino local presente en dist/.
/lecturas/historia-militar-revolucion-epoca-maderista-tomo-1/,6,Acerca,/acerca/,ruta_interna,resuelto_localmente,/acerca/,,aprobado,/lecturas/historia-militar-revolucion-epoca-maderista-tomo-1/: destino local presente en dist/.
/lecturas/historia-militar-revolucion-epoca-maderista-tomo-1/,7,Inicio,/,ruta_interna,resuelto_localmente,/,,aprobado,/lecturas/historia-militar-revolucion-epoca-maderista-tomo-1/: destino local presente en dist/.
/lecturas/historia-militar-revolucion-epoca-maderista-tomo-1/,8,Lecturas,/lecturas/,ruta_interna,resuelto_localmente,/lecturas/,,aprobado,/lecturas/historia-militar-revolucion-epoca-maderista-tomo-1/: destino local presente en dist/.
/lecturas/historia-militar-revolucion-epoca-maderista-tomo-1/,9,Abrir fuente institucional de Historia militar de la Revolución en la época maderista. Tomo I,https://inehrm.gob.mx/recursos/Libros/HistoriaMilitarEpocaMaderistaT1.pdf,externo_institucional_o_fuente,verificado_disponible,https://inehrm.gob.mx/recursos/Libros/HistoriaMilitarEpocaMaderistaT1.pdf,PDF institucional disponible.,aprobado,PDF institucional disponible.
/lecturas/historia-militar-revolucion-epoca-maderista-tomo-1/,10,PDF institucional del INEHRM,https://inehrm.gob.mx/recursos/Libros/HistoriaMilitarEpocaMaderistaT1.pdf,externo_institucional_o_fuente,verificado_disponible,https://inehrm.gob.mx/recursos/Libros/HistoriaMilitarEpocaMaderistaT1.pdf,PDF institucional disponible.,aprobado,PDF institucional disponible.
/lecturas/historia-militar-revolucion-epoca-maderista-tomo-1/,11,Revolución Mexicana,/unidades/revolucion-mexicana/,ruta_interna,resuelto_localmente,/unidades/revolucion-mexicana/,,aprobado,/lecturas/historia-militar-revolucion-epoca-maderista-tomo-1/: destino local presente en dist/.
/lecturas/historia-militar-revolucion-epoca-maderista-tomo-1/,12,Régimen Porfirista,/unidades/regimen-porfirista/,ruta_interna,resuelto_localmente,/unidades/regimen-porfirista/,,aprobado,/lecturas/historia-militar-revolucion-epoca-maderista-tomo-1/: destino local presente en dist/.
/lecturas/historia-militar-revolucion-epoca-maderista-tomo-1/,13,Metodología y límites,/acerca/,ruta_interna,resuelto_localmente,/acerca/,,aprobado,/lecturas/historia-militar-revolucion-epoca-maderista-tomo-1/: destino local presente en dist/.
/lecturas/historia-militar-revolucion-epoca-maderista-tomo-1/,14,Navegación docente,/orientaciones/,ruta_interna,resuelto_localmente,/orientaciones/,,aprobado,/lecturas/historia-militar-revolucion-epoca-maderista-tomo-1/: destino local presente en dist/.
/lecturas/historia-militar-revolucion-epoca-maderista-tomo-2/,1,Saltar al contenido principal,#contenido-principal,ancla_en_pagina,resuelto_localmente,#contenido-principal,,aprobado,/lecturas/historia-militar-revolucion-epoca-maderista-tomo-2/: destino local presente en dist/.
/lecturas/historia-militar-revolucion-epoca-maderista-tomo-2/,2,HII Historia Contemporánea de México II Preparatoria Agrícola · UACh,/,ruta_interna,resuelto_localmente,/,,aprobado,/lecturas/historia-militar-revolucion-epoca-maderista-tomo-2/: destino local presente en dist/.
/lecturas/historia-militar-revolucion-epoca-maderista-tomo-2/,3,Lecturas,/lecturas/,ruta_interna,resuelto_localmente,/lecturas/,,aprobado,/lecturas/historia-militar-revolucion-epoca-maderista-tomo-2/: destino local presente en dist/.
/lecturas/historia-militar-revolucion-epoca-maderista-tomo-2/,4,Unidades,/unidades/regimen-porfirista/,ruta_interna,resuelto_localmente,/unidades/regimen-porfirista/,,aprobado,/lecturas/historia-militar-revolucion-epoca-maderista-tomo-2/: destino local presente en dist/.
/lecturas/historia-militar-revolucion-epoca-maderista-tomo-2/,5,Orientaciones,/orientaciones/,ruta_interna,resuelto_localmente,/orientaciones/,,aprobado,/lecturas/historia-militar-revolucion-epoca-maderista-tomo-2/: destino local presente en dist/.
/lecturas/historia-militar-revolucion-epoca-maderista-tomo-2/,6,Acerca,/acerca/,ruta_interna,resuelto_localmente,/acerca/,,aprobado,/lecturas/historia-militar-revolucion-epoca-maderista-tomo-2/: destino local presente en dist/.
/lecturas/historia-militar-revolucion-epoca-maderista-tomo-2/,7,Inicio,/,ruta_interna,resuelto_localmente,/,,aprobado,/lecturas/historia-militar-revolucion-epoca-maderista-tomo-2/: destino local presente en dist/.
/lecturas/historia-militar-revolucion-epoca-maderista-tomo-2/,8,Lecturas,/lecturas/,ruta_interna,resuelto_localmente,/lecturas/,,aprobado,/lecturas/historia-militar-revolucion-epoca-maderista-tomo-2/: destino local presente en dist/.
/lecturas/historia-militar-revolucion-epoca-maderista-tomo-2/,9,Abrir fuente institucional de Historia militar de la Revolución en la época maderista. Tomo II,https://inehrm.gob.mx/recursos/Libros/HistoriaMilitarEpocaMaderistaT2.pdf,externo_institucional_o_fuente,verificado_disponible,https://inehrm.gob.mx/recursos/Libros/HistoriaMilitarEpocaMaderistaT2.pdf,PDF institucional disponible.,aprobado,PDF institucional disponible.
/lecturas/historia-militar-revolucion-epoca-maderista-tomo-2/,10,PDF institucional del INEHRM,https://inehrm.gob.mx/recursos/Libros/HistoriaMilitarEpocaMaderistaT2.pdf,externo_institucional_o_fuente,verificado_disponible,https://inehrm.gob.mx/recursos/Libros/HistoriaMilitarEpocaMaderistaT2.pdf,PDF institucional disponible.,aprobado,PDF institucional disponible.
/lecturas/historia-militar-revolucion-epoca-maderista-tomo-2/,11,Revolución Mexicana,/unidades/revolucion-mexicana/,ruta_interna,resuelto_localmente,/unidades/revolucion-mexicana/,,aprobado,/lecturas/historia-militar-revolucion-epoca-maderista-tomo-2/: destino local presente en dist/.
/lecturas/historia-militar-revolucion-epoca-maderista-tomo-2/,12,Régimen Porfirista,/unidades/regimen-porfirista/,ruta_interna,resuelto_localmente,/unidades/regimen-porfirista/,,aprobado,/lecturas/historia-militar-revolucion-epoca-maderista-tomo-2/: destino local presente en dist/.
/lecturas/historia-militar-revolucion-epoca-maderista-tomo-2/,13,Metodología y límites,/acerca/,ruta_interna,resuelto_localmente,/acerca/,,aprobado,/lecturas/historia-militar-revolucion-epoca-maderista-tomo-2/: destino local presente en dist/.
/lecturas/historia-militar-revolucion-epoca-maderista-tomo-2/,14,Navegación docente,/orientaciones/,ruta_interna,resuelto_localmente,/orientaciones/,,aprobado,/lecturas/historia-militar-revolucion-epoca-maderista-tomo-2/: destino local presente en dist/.
/lecturas/historia-militar-revolucion-epoca-maderista-tomo-3/,1,Saltar al contenido principal,#contenido-principal,ancla_en_pagina,resuelto_localmente,#contenido-principal,,aprobado,/lecturas/historia-militar-revolucion-epoca-maderista-tomo-3/: destino local presente en dist/.
/lecturas/historia-militar-revolucion-epoca-maderista-tomo-3/,2,HII Historia Contemporánea de México II Preparatoria Agrícola · UACh,/,ruta_interna,resuelto_localmente,/,,aprobado,/lecturas/historia-militar-revolucion-epoca-maderista-tomo-3/: destino local presente en dist/.
/lecturas/historia-militar-revolucion-epoca-maderista-tomo-3/,3,Lecturas,/lecturas/,ruta_interna,resuelto_localmente,/lecturas/,,aprobado,/lecturas/historia-militar-revolucion-epoca-maderista-tomo-3/: destino local presente en dist/.
/lecturas/historia-militar-revolucion-epoca-maderista-tomo-3/,4,Unidades,/unidades/regimen-porfirista/,ruta_interna,resuelto_localmente,/unidades/regimen-porfirista/,,aprobado,/lecturas/historia-militar-revolucion-epoca-maderista-tomo-3/: destino local presente en dist/.
/lecturas/historia-militar-revolucion-epoca-maderista-tomo-3/,5,Orientaciones,/orientaciones/,ruta_interna,resuelto_localmente,/orientaciones/,,aprobado,/lecturas/historia-militar-revolucion-epoca-maderista-tomo-3/: destino local presente en dist/.
/lecturas/historia-militar-revolucion-epoca-maderista-tomo-3/,6,Acerca,/acerca/,ruta_interna,resuelto_localmente,/acerca/,,aprobado,/lecturas/historia-militar-revolucion-epoca-maderista-tomo-3/: destino local presente en dist/.
/lecturas/historia-militar-revolucion-epoca-maderista-tomo-3/,7,Inicio,/,ruta_interna,resuelto_localmente,/,,aprobado,/lecturas/historia-militar-revolucion-epoca-maderista-tomo-3/: destino local presente en dist/.
/lecturas/historia-militar-revolucion-epoca-maderista-tomo-3/,8,Lecturas,/lecturas/,ruta_interna,resuelto_localmente,/lecturas/,,aprobado,/lecturas/historia-militar-revolucion-epoca-maderista-tomo-3/: destino local presente en dist/.
/lecturas/historia-militar-revolucion-epoca-maderista-tomo-3/,9,Abrir fuente institucional de Historia militar de la Revolución en la época maderista. Tomo III,https://inehrm.gob.mx/recursos/Libros/HistoriaMilitarEpocaMaderistaT3.pdf,externo_institucional_o_fuente,verificado_disponible,https://inehrm.gob.mx/recursos/Libros/HistoriaMilitarEpocaMaderistaT3.pdf,PDF institucional disponible.,aprobado,PDF institucional disponible.
/lecturas/historia-militar-revolucion-epoca-maderista-tomo-3/,10,PDF institucional del INEHRM,https://inehrm.gob.mx/recursos/Libros/HistoriaMilitarEpocaMaderistaT3.pdf,externo_institucional_o_fuente,verificado_disponible,https://inehrm.gob.mx/recursos/Libros/HistoriaMilitarEpocaMaderistaT3.pdf,PDF institucional disponible.,aprobado,PDF institucional disponible.
/lecturas/historia-militar-revolucion-epoca-maderista-tomo-3/,11,Revolución Mexicana,/unidades/revolucion-mexicana/,ruta_interna,resuelto_localmente,/unidades/revolucion-mexicana/,,aprobado,/lecturas/historia-militar-revolucion-epoca-maderista-tomo-3/: destino local presente en dist/.
/lecturas/historia-militar-revolucion-epoca-maderista-tomo-3/,12,Régimen Porfirista,/unidades/regimen-porfirista/,ruta_interna,resuelto_localmente,/unidades/regimen-porfirista/,,aprobado,/lecturas/historia-militar-revolucion-epoca-maderista-tomo-3/: destino local presente en dist/.
/lecturas/historia-militar-revolucion-epoca-maderista-tomo-3/,13,Metodología y límites,/acerca/,ruta_interna,resuelto_localmente,/acerca/,,aprobado,/lecturas/historia-militar-revolucion-epoca-maderista-tomo-3/: destino local presente en dist/.
/lecturas/historia-militar-revolucion-epoca-maderista-tomo-3/,14,Navegación docente,/orientaciones/,ruta_interna,resuelto_localmente,/orientaciones/,,aprobado,/lecturas/historia-militar-revolucion-epoca-maderista-tomo-3/: destino local presente en dist/.
/lecturas/,1,Saltar al contenido principal,#contenido-principal,ancla_en_pagina,resuelto_localmente,#contenido-principal,,aprobado,/lecturas/: destino local presente en dist/.
/lecturas/,2,HII Historia Contemporánea de México II Preparatoria Agrícola · UACh,/,ruta_interna,resuelto_localmente,/,,aprobado,/lecturas/: destino local presente en dist/.
/lecturas/,3,Lecturas,/lecturas/,ruta_interna,resuelto_localmente,/lecturas/,,aprobado,/lecturas/: destino local presente en dist/.
/lecturas/,4,Unidades,/unidades/regimen-porfirista/,ruta_interna,resuelto_localmente,/unidades/regimen-porfirista/,,aprobado,/lecturas/: destino local presente en dist/.
/lecturas/,5,Orientaciones,/orientaciones/,ruta_interna,resuelto_localmente,/orientaciones/,,aprobado,/lecturas/: destino local presente en dist/.
/lecturas/,6,Acerca,/acerca/,ruta_interna,resuelto_localmente,/acerca/,,aprobado,/lecturas/: destino local presente en dist/.
/lecturas/,7,La dictadura porfirista,/lecturas/dictadura-porfirista/,ruta_interna,resuelto_localmente,/lecturas/dictadura-porfirista/,,aprobado,/lecturas/: destino local presente en dist/.
/lecturas/,8,Régimen Porfirista,/unidades/regimen-porfirista/,ruta_interna,resuelto_localmente,/unidades/regimen-porfirista/,,aprobado,/lecturas/: destino local presente en dist/.
/lecturas/,9,Consultar lectura y ficha →,/lecturas/dictadura-porfirista/,ruta_interna,resuelto_localmente,/lecturas/dictadura-porfirista/,,aprobado,/lecturas/: destino local presente en dist/.
/lecturas/,10,"Yaquis. Memoria, territorio y participación política",/lecturas/yaquis-memoria-territorio-participacion-politica/,ruta_interna,resuelto_localmente,/lecturas/yaquis-memoria-territorio-participacion-politica/,,aprobado,/lecturas/: destino local presente en dist/.
/lecturas/,11,Régimen Porfirista,/unidades/regimen-porfirista/,ruta_interna,resuelto_localmente,/unidades/regimen-porfirista/,,aprobado,/lecturas/: destino local presente en dist/.
/lecturas/,12,Consultar lectura y ficha →,/lecturas/yaquis-memoria-territorio-participacion-politica/,ruta_interna,resuelto_localmente,/lecturas/yaquis-memoria-territorio-participacion-politica/,,aprobado,/lecturas/: destino local presente en dist/.
/lecturas/,13,El sistema político mexicano,/lecturas/sistema-politico-mexicano/,ruta_interna,resuelto_localmente,/lecturas/sistema-politico-mexicano/,,aprobado,/lecturas/: destino local presente en dist/.
/lecturas/,14,Consolidación del sistema político autoritario,/unidades/consolidacion-sistema-politico-autoritario/,ruta_interna,resuelto_localmente,/unidades/consolidacion-sistema-politico-autoritario/,,aprobado,/lecturas/: destino local presente en dist/.
/lecturas/,15,Consultar lectura y ficha →,/lecturas/sistema-politico-mexicano/,ruta_interna,resuelto_localmente,/lecturas/sistema-politico-mexicano/,,aprobado,/lecturas/: destino local presente en dist/.
/lecturas/,16,La Revolución y los revolucionarios. Tomo I: La crisis del Porfirismo,/lecturas/crisis-del-porfirismo/,ruta_interna,resuelto_localmente,/lecturas/crisis-del-porfirismo/,,aprobado,/lecturas/: destino local presente en dist/.
/lecturas/,17,Régimen Porfirista,/unidades/regimen-porfirista/,ruta_interna,resuelto_localmente,/unidades/regimen-porfirista/,,aprobado,/lecturas/: destino local presente en dist/.
/lecturas/,18,Consultar lectura y ficha →,/lecturas/crisis-del-porfirismo/,ruta_interna,resuelto_localmente,/lecturas/crisis-del-porfirismo/,,aprobado,/lecturas/: destino local presente en dist/.
/lecturas/,19,La Revolución y los revolucionarios. Tomo II: Maderismo,/lecturas/maderismo/,ruta_interna,resuelto_localmente,/lecturas/maderismo/,,aprobado,/lecturas/: destino local presente en dist/.
/lecturas/,20,Revolución Mexicana,/unidades/revolucion-mexicana/,ruta_interna,resuelto_localmente,/unidades/revolucion-mexicana/,,aprobado,/lecturas/: destino local presente en dist/.
/lecturas/,21,Consultar lectura y ficha →,/lecturas/maderismo/,ruta_interna,resuelto_localmente,/lecturas/maderismo/,,aprobado,/lecturas/: destino local presente en dist/.
/lecturas/,22,La Revolución y los revolucionarios. Tomo III: La revolución constitucionalista,/lecturas/revolucion-constitucionalista/,ruta_interna,resuelto_localmente,/lecturas/revolucion-constitucionalista/,,aprobado,/lecturas/: destino local presente en dist/.
/lecturas/,23,Revolución Mexicana,/unidades/revolucion-mexicana/,ruta_interna,resuelto_localmente,/unidades/revolucion-mexicana/,,aprobado,/lecturas/: destino local presente en dist/.
/lecturas/,24,Consultar lectura y ficha →,/lecturas/revolucion-constitucionalista/,ruta_interna,resuelto_localmente,/lecturas/revolucion-constitucionalista/,,aprobado,/lecturas/: destino local presente en dist/.
/lecturas/,25,Teorizando sobre la Revolución Mexicana: interpretaciones de sus historiadores y cronistas,/lecturas/teorizando-revolucion-mexicana/,ruta_interna,resuelto_localmente,/lecturas/teorizando-revolucion-mexicana/,,aprobado,/lecturas/: destino local presente en dist/.
/lecturas/,26,Revolución Mexicana,/unidades/revolucion-mexicana/,ruta_interna,resuelto_localmente,/unidades/revolucion-mexicana/,,aprobado,/lecturas/: destino local presente en dist/.
/lecturas/,27,Consultar lectura y ficha →,/lecturas/teorizando-revolucion-mexicana/,ruta_interna,resuelto_localmente,/lecturas/teorizando-revolucion-mexicana/,,aprobado,/lecturas/: destino local presente en dist/.
/lecturas/,28,Documentos fundamentales de la Revolución Mexicana,/lecturas/documentos-fundamentales-revolucion-mexicana/,ruta_interna,resuelto_localmente,/lecturas/documentos-fundamentales-revolucion-mexicana/,,aprobado,/lecturas/: destino local presente en dist/.
/lecturas/,29,Revolución Mexicana,/unidades/revolucion-mexicana/,ruta_interna,resuelto_localmente,/unidades/revolucion-mexicana/,,aprobado,/lecturas/: destino local presente en dist/.
/lecturas/,30,Consultar lectura y ficha →,/lecturas/documentos-fundamentales-revolucion-mexicana/,ruta_interna,resuelto_localmente,/lecturas/documentos-fundamentales-revolucion-mexicana/,,aprobado,/lecturas/: destino local presente en dist/.
/lecturas/,31,Historia militar de la Revolución en la época maderista. Tomo I,/lecturas/historia-militar-revolucion-epoca-maderista-tomo-1/,ruta_interna,resuelto_localmente,/lecturas/historia-militar-revolucion-epoca-maderista-tomo-1/,,aprobado,/lecturas/: destino local presente en dist/.
/lecturas/,32,Revolución Mexicana,/unidades/revolucion-mexicana/,ruta_interna,resuelto_localmente,/unidades/revolucion-mexicana/,,aprobado,/lecturas/: destino local presente en dist/.
/lecturas/,33,Consultar lectura y ficha →,/lecturas/historia-militar-revolucion-epoca-maderista-tomo-1/,ruta_interna,resuelto_localmente,/lecturas/historia-militar-revolucion-epoca-maderista-tomo-1/,,aprobado,/lecturas/: destino local presente en dist/.
/lecturas/,34,Historia militar de la Revolución en la época maderista. Tomo II,/lecturas/historia-militar-revolucion-epoca-maderista-tomo-2/,ruta_interna,resuelto_localmente,/lecturas/historia-militar-revolucion-epoca-maderista-tomo-2/,,aprobado,/lecturas/: destino local presente en dist/.
/lecturas/,35,Revolución Mexicana,/unidades/revolucion-mexicana/,ruta_interna,resuelto_localmente,/unidades/revolucion-mexicana/,,aprobado,/lecturas/: destino local presente en dist/.
/lecturas/,36,Consultar lectura y ficha →,/lecturas/historia-militar-revolucion-epoca-maderista-tomo-2/,ruta_interna,resuelto_localmente,/lecturas/historia-militar-revolucion-epoca-maderista-tomo-2/,,aprobado,/lecturas/: destino local presente en dist/.
/lecturas/,37,Historia militar de la Revolución en la época maderista. Tomo III,/lecturas/historia-militar-revolucion-epoca-maderista-tomo-3/,ruta_interna,resuelto_localmente,/lecturas/historia-militar-revolucion-epoca-maderista-tomo-3/,,aprobado,/lecturas/: destino local presente en dist/.
/lecturas/,38,Revolución Mexicana,/unidades/revolucion-mexicana/,ruta_interna,resuelto_localmente,/unidades/revolucion-mexicana/,,aprobado,/lecturas/: destino local presente en dist/.
/lecturas/,39,Consultar lectura y ficha →,/lecturas/historia-militar-revolucion-epoca-maderista-tomo-3/,ruta_interna,resuelto_localmente,/lecturas/historia-militar-revolucion-epoca-maderista-tomo-3/,,aprobado,/lecturas/: destino local presente en dist/.
/lecturas/,40,La Revolución Mexicana. Un laboratorio visual entre fotógrafos y cámaras,/lecturas/revolucion-mexicana-laboratorio-visual-fotografos-camaras/,ruta_interna,resuelto_localmente,/lecturas/revolucion-mexicana-laboratorio-visual-fotografos-camaras/,,aprobado,/lecturas/: destino local presente en dist/.
/lecturas/,41,Revolución Mexicana,/unidades/revolucion-mexicana/,ruta_interna,resuelto_localmente,/unidades/revolucion-mexicana/,,aprobado,/lecturas/: destino local presente en dist/.
/lecturas/,42,Consultar lectura y ficha →,/lecturas/revolucion-mexicana-laboratorio-visual-fotografos-camaras/,ruta_interna,resuelto_localmente,/lecturas/revolucion-mexicana-laboratorio-visual-fotografos-camaras/,,aprobado,/lecturas/: destino local presente en dist/.
/lecturas/,43,La prensa como instrumento científico en tiempos de la Revolución,/lecturas/prensa-instrumento-cientifico-revolucion/,ruta_interna,resuelto_localmente,/lecturas/prensa-instrumento-cientifico-revolucion/,,aprobado,/lecturas/: destino local presente en dist/.
/lecturas/,44,Revolución Mexicana,/unidades/revolucion-mexicana/,ruta_interna,resuelto_localmente,/unidades/revolucion-mexicana/,,aprobado,/lecturas/: destino local presente en dist/.
/lecturas/,45,Consultar lectura y ficha →,/lecturas/prensa-instrumento-cientifico-revolucion/,ruta_interna,resuelto_localmente,/lecturas/prensa-instrumento-cientifico-revolucion/,,aprobado,/lecturas/: destino local presente en dist/.
/lecturas/,46,"Relaciones México-Estados Unidos, 1911-1918",/lecturas/relaciones-mexico-estados-unidos-1911-1918/,ruta_interna,resuelto_localmente,/lecturas/relaciones-mexico-estados-unidos-1911-1918/,,aprobado,/lecturas/: destino local presente en dist/.
/lecturas/,47,Revolución Mexicana,/unidades/revolucion-mexicana/,ruta_interna,resuelto_localmente,/unidades/revolucion-mexicana/,,aprobado,/lecturas/: destino local presente en dist/.
/lecturas/,48,Consultar lectura y ficha →,/lecturas/relaciones-mexico-estados-unidos-1911-1918/,ruta_interna,resuelto_localmente,/lecturas/relaciones-mexico-estados-unidos-1911-1918/,,aprobado,/lecturas/: destino local presente en dist/.
/lecturas/,49,Las elecciones y el sistema político,/lecturas/elecciones-sistema-politico/,ruta_interna,resuelto_localmente,/lecturas/elecciones-sistema-politico/,,aprobado,/lecturas/: destino local presente en dist/.
/lecturas/,50,Consolidación del sistema político autoritario,/unidades/consolidacion-sistema-politico-autoritario/,ruta_interna,resuelto_localmente,/unidades/consolidacion-sistema-politico-autoritario/,,aprobado,/lecturas/: destino local presente en dist/.
/lecturas/,51,Consultar lectura y ficha →,/lecturas/elecciones-sistema-politico/,ruta_interna,resuelto_localmente,/lecturas/elecciones-sistema-politico/,,aprobado,/lecturas/: destino local presente en dist/.
/lecturas/,52,El sistema político mexicano: la etapa clásica,/lecturas/sistema-politico-etapa-clasica/,ruta_interna,resuelto_localmente,/lecturas/sistema-politico-etapa-clasica/,,aprobado,/lecturas/: destino local presente en dist/.
/lecturas/,53,Consolidación del sistema político autoritario,/unidades/consolidacion-sistema-politico-autoritario/,ruta_interna,resuelto_localmente,/unidades/consolidacion-sistema-politico-autoritario/,,aprobado,/lecturas/: destino local presente en dist/.
/lecturas/,54,Consultar lectura y ficha →,/lecturas/sistema-politico-etapa-clasica/,ruta_interna,resuelto_localmente,/lecturas/sistema-politico-etapa-clasica/,,aprobado,/lecturas/: destino local presente en dist/.
/lecturas/,55,Sistema político mexicano: desarrollo y reacomodo del poder,/lecturas/sistema-politico-desarrollo-reacomodo-poder/,ruta_interna,resuelto_localmente,/lecturas/sistema-politico-desarrollo-reacomodo-poder/,,aprobado,/lecturas/: destino local presente en dist/.
/lecturas/,56,Neoliberalismo y alternancia,/unidades/neoliberalismo-y-alternancia/,ruta_interna,resuelto_localmente,/unidades/neoliberalismo-y-alternancia/,,aprobado,/lecturas/: destino local presente en dist/.
/lecturas/,57,Consultar lectura y ficha →,/lecturas/sistema-politico-desarrollo-reacomodo-poder/,ruta_interna,resuelto_localmente,/lecturas/sistema-politico-desarrollo-reacomodo-poder/,,aprobado,/lecturas/: destino local presente en dist/.
/lecturas/,58,"Sobre Soledad Loaeza, A la sombra de la superpotencia: tres presidentes mexicanos en la Guerra Fría, 1945-1958",/lecturas/resena-loaeza-sombra-superpotencia/,ruta_interna,resuelto_localmente,/lecturas/resena-loaeza-sombra-superpotencia/,,aprobado,/lecturas/: destino local presente en dist/.
/lecturas/,59,Consolidación del sistema político autoritario,/unidades/consolidacion-sistema-politico-autoritario/,ruta_interna,resuelto_localmente,/unidades/consolidacion-sistema-politico-autoritario/,,aprobado,/lecturas/: destino local presente en dist/.
/lecturas/,60,Consultar lectura y ficha →,/lecturas/resena-loaeza-sombra-superpotencia/,ruta_interna,resuelto_localmente,/lecturas/resena-loaeza-sombra-superpotencia/,,aprobado,/lecturas/: destino local presente en dist/.
/lecturas/,61,"Porfirio Díaz (1830-1915): La Constitución, la dictadura y la reelección",/lecturas/porfirio-diaz-constitucion-dictadura-reeleccion/,ruta_interna,resuelto_localmente,/lecturas/porfirio-diaz-constitucion-dictadura-reeleccion/,,aprobado,/lecturas/: destino local presente en dist/.
/lecturas/,62,Régimen Porfirista,/unidades/regimen-porfirista/,ruta_interna,resuelto_localmente,/unidades/regimen-porfirista/,,aprobado,/lecturas/: destino local presente en dist/.
/lecturas/,63,Consultar lectura y ficha →,/lecturas/porfirio-diaz-constitucion-dictadura-reeleccion/,ruta_interna,resuelto_localmente,/lecturas/porfirio-diaz-constitucion-dictadura-reeleccion/,,aprobado,/lecturas/: destino local presente en dist/.
/lecturas/,64,"Felipe Ángeles: El general revolucionario y el generoso académico. Entre la milicia, la física y las matemáticas",/lecturas/felipe-angeles-general-revolucionario-generoso-academico/,ruta_interna,resuelto_localmente,/lecturas/felipe-angeles-general-revolucionario-generoso-academico/,,aprobado,/lecturas/: destino local presente en dist/.
/lecturas/,65,Revolución Mexicana,/unidades/revolucion-mexicana/,ruta_interna,resuelto_localmente,/unidades/revolucion-mexicana/,,aprobado,/lecturas/: destino local presente en dist/.
/lecturas/,66,Consultar lectura y ficha →,/lecturas/felipe-angeles-general-revolucionario-generoso-academico/,ruta_interna,resuelto_localmente,/lecturas/felipe-angeles-general-revolucionario-generoso-academico/,,aprobado,/lecturas/: destino local presente en dist/.
/lecturas/,67,Metodología y límites,/acerca/,ruta_interna,resuelto_localmente,/acerca/,,aprobado,/lecturas/: destino local presente en dist/.
/lecturas/,68,Navegación docente,/orientaciones/,ruta_interna,resuelto_localmente,/orientaciones/,,aprobado,/lecturas/: destino local presente en dist/.
/lecturas/maderismo/,1,Saltar al contenido principal,#contenido-principal,ancla_en_pagina,resuelto_localmente,#contenido-principal,,aprobado,/lecturas/maderismo/: destino local presente en dist/.
/lecturas/maderismo/,2,HII Historia Contemporánea de México II Preparatoria Agrícola · UACh,/,ruta_interna,resuelto_localmente,/,,aprobado,/lecturas/maderismo/: destino local presente en dist/.
/lecturas/maderismo/,3,Lecturas,/lecturas/,ruta_interna,resuelto_localmente,/lecturas/,,aprobado,/lecturas/maderismo/: destino local presente en dist/.
/lecturas/maderismo/,4,Unidades,/unidades/regimen-porfirista/,ruta_interna,resuelto_localmente,/unidades/regimen-porfirista/,,aprobado,/lecturas/maderismo/: destino local presente en dist/.
/lecturas/maderismo/,5,Orientaciones,/orientaciones/,ruta_interna,resuelto_localmente,/orientaciones/,,aprobado,/lecturas/maderismo/: destino local presente en dist/.
/lecturas/maderismo/,6,Acerca,/acerca/,ruta_interna,resuelto_localmente,/acerca/,,aprobado,/lecturas/maderismo/: destino local presente en dist/.
/lecturas/maderismo/,7,Inicio,/,ruta_interna,resuelto_localmente,/,,aprobado,/lecturas/maderismo/: destino local presente en dist/.
/lecturas/maderismo/,8,Lecturas,/lecturas/,ruta_interna,resuelto_localmente,/lecturas/,,aprobado,/lecturas/maderismo/: destino local presente en dist/.
/lecturas/maderismo/,9,Abrir fuente institucional de La Revolución y los revolucionarios. Tomo II: Maderismo,https://inehrm.gob.mx/work/models/inehrm/Resource/455/1/images/LaRevolucionRevolucionarioTII.pdf,externo_institucional_o_fuente,verificado_disponible,https://inehrm.gob.mx/work/models/inehrm/Resource/455/1/images/LaRevolucionRevolucionarioTII.pdf,PDF oficial localizado en el dominio vigente del INEHRM; conserva la ruta del recurso alojada antes en el dominio legado. Verificado el 2026-09-01.,aprobado,PDF oficial localizado en el dominio vigente del INEHRM; conserva la ruta del recurso alojada antes en el dominio legado. Verificado el 2026-09-01.
/lecturas/maderismo/,10,PDF institucional del INEHRM,https://inehrm.gob.mx/work/models/inehrm/Resource/455/1/images/LaRevolucionRevolucionarioTII.pdf,externo_institucional_o_fuente,verificado_disponible,https://inehrm.gob.mx/work/models/inehrm/Resource/455/1/images/LaRevolucionRevolucionarioTII.pdf,PDF oficial localizado en el dominio vigente del INEHRM; conserva la ruta del recurso alojada antes en el dominio legado. Verificado el 2026-09-01.,aprobado,PDF oficial localizado en el dominio vigente del INEHRM; conserva la ruta del recurso alojada antes en el dominio legado. Verificado el 2026-09-01.
/lecturas/maderismo/,11,Revolución Mexicana,/unidades/revolucion-mexicana/,ruta_interna,resuelto_localmente,/unidades/revolucion-mexicana/,,aprobado,/lecturas/maderismo/: destino local presente en dist/.
/lecturas/maderismo/,12,Del antirreeleccionismo al levantamiento,/orientaciones/antirreeleccionismo-levantamiento-revolucion-mexicana/,ruta_interna,resuelto_localmente,/orientaciones/antirreeleccionismo-levantamiento-revolucion-mexicana/,,aprobado,/lecturas/maderismo/: destino local presente en dist/.
/lecturas/maderismo/,13,"Maderismo, Decena Trágica y ruptura de 1913",/orientaciones/maderismo-decena-tragica-ruptura-1913/,ruta_interna,resuelto_localmente,/orientaciones/maderismo-decena-tragica-ruptura-1913/,,aprobado,/lecturas/maderismo/: destino local presente en dist/.
/lecturas/maderismo/,14,Metodología y límites,/acerca/,ruta_interna,resuelto_localmente,/acerca/,,aprobado,/lecturas/maderismo/: destino local presente en dist/.
/lecturas/maderismo/,15,Navegación docente,/orientaciones/,ruta_interna,resuelto_localmente,/orientaciones/,,aprobado,/lecturas/maderismo/: destino local presente en dist/.
/lecturas/porfirio-diaz-constitucion-dictadura-reeleccion/,1,Saltar al contenido principal,#contenido-principal,ancla_en_pagina,resuelto_localmente,#contenido-principal,,aprobado,/lecturas/porfirio-diaz-constitucion-dictadura-reeleccion/: destino local presente en dist/.
/lecturas/porfirio-diaz-constitucion-dictadura-reeleccion/,2,HII Historia Contemporánea de México II Preparatoria Agrícola · UACh,/,ruta_interna,resuelto_localmente,/,,aprobado,/lecturas/porfirio-diaz-constitucion-dictadura-reeleccion/: destino local presente en dist/.
/lecturas/porfirio-diaz-constitucion-dictadura-reeleccion/,3,Lecturas,/lecturas/,ruta_interna,resuelto_localmente,/lecturas/,,aprobado,/lecturas/porfirio-diaz-constitucion-dictadura-reeleccion/: destino local presente en dist/.
/lecturas/porfirio-diaz-constitucion-dictadura-reeleccion/,4,Unidades,/unidades/regimen-porfirista/,ruta_interna,resuelto_localmente,/unidades/regimen-porfirista/,,aprobado,/lecturas/porfirio-diaz-constitucion-dictadura-reeleccion/: destino local presente en dist/.
/lecturas/porfirio-diaz-constitucion-dictadura-reeleccion/,5,Orientaciones,/orientaciones/,ruta_interna,resuelto_localmente,/orientaciones/,,aprobado,/lecturas/porfirio-diaz-constitucion-dictadura-reeleccion/: destino local presente en dist/.
/lecturas/porfirio-diaz-constitucion-dictadura-reeleccion/,6,Acerca,/acerca/,ruta_interna,resuelto_localmente,/acerca/,,aprobado,/lecturas/porfirio-diaz-constitucion-dictadura-reeleccion/: destino local presente en dist/.
/lecturas/porfirio-diaz-constitucion-dictadura-reeleccion/,7,Inicio,/,ruta_interna,resuelto_localmente,/,,aprobado,/lecturas/porfirio-diaz-constitucion-dictadura-reeleccion/: destino local presente en dist/.
/lecturas/porfirio-diaz-constitucion-dictadura-reeleccion/,8,Lecturas,/lecturas/,ruta_interna,resuelto_localmente,/lecturas/,,aprobado,/lecturas/porfirio-diaz-constitucion-dictadura-reeleccion/: destino local presente en dist/.
/lecturas/porfirio-diaz-constitucion-dictadura-reeleccion/,9,"Abrir fuente institucional de Porfirio Díaz (1830-1915): La Constitución, la dictadura y la reelección",https://archivos.juridicas.unam.mx/www/bjv/libros/9/4121/9.pdf,externo_institucional_o_fuente,verificado_disponible,https://archivos.juridicas.unam.mx/www/bjv/libros/9/4121/9.pdf,PDF institucional disponible.,aprobado,PDF institucional disponible.
/lecturas/porfirio-diaz-constitucion-dictadura-reeleccion/,10,Capítulo en la Biblioteca Jurídica Virtual del IIJ-UNAM,https://archivos.juridicas.unam.mx/www/bjv/libros/9/4121/9.pdf,externo_institucional_o_fuente,verificado_disponible,https://archivos.juridicas.unam.mx/www/bjv/libros/9/4121/9.pdf,PDF institucional disponible.,aprobado,PDF institucional disponible.
/lecturas/porfirio-diaz-constitucion-dictadura-reeleccion/,11,Régimen Porfirista,/unidades/regimen-porfirista/,ruta_interna,resuelto_localmente,/unidades/regimen-porfirista/,,aprobado,/lecturas/porfirio-diaz-constitucion-dictadura-reeleccion/: destino local presente en dist/.
/lecturas/porfirio-diaz-constitucion-dictadura-reeleccion/,12,Revolución Mexicana,/unidades/revolucion-mexicana/,ruta_interna,resuelto_localmente,/unidades/revolucion-mexicana/,,aprobado,/lecturas/porfirio-diaz-constitucion-dictadura-reeleccion/: destino local presente en dist/.
/lecturas/porfirio-diaz-constitucion-dictadura-reeleccion/,13,"Modernización, territorio y contradicciones en el Régimen Porfirista",/orientaciones/modernizacion-territorio-contradicciones-regimen-porfirista/,ruta_interna,resuelto_localmente,/orientaciones/modernizacion-territorio-contradicciones-regimen-porfirista/,,aprobado,/lecturas/porfirio-diaz-constitucion-dictadura-reeleccion/: destino local presente en dist/.
/lecturas/porfirio-diaz-constitucion-dictadura-reeleccion/,14,"Estado, reelección y legitimidad en el Régimen Porfirista",/orientaciones/estado-reeleccion-legitimidad-regimen-porfirista/,ruta_interna,resuelto_localmente,/orientaciones/estado-reeleccion-legitimidad-regimen-porfirista/,,aprobado,/lecturas/porfirio-diaz-constitucion-dictadura-reeleccion/: destino local presente en dist/.
/lecturas/porfirio-diaz-constitucion-dictadura-reeleccion/,15,Metodología y límites,/acerca/,ruta_interna,resuelto_localmente,/acerca/,,aprobado,/lecturas/porfirio-diaz-constitucion-dictadura-reeleccion/: destino local presente en dist/.
/lecturas/porfirio-diaz-constitucion-dictadura-reeleccion/,16,Navegación docente,/orientaciones/,ruta_interna,resuelto_localmente,/orientaciones/,,aprobado,/lecturas/porfirio-diaz-constitucion-dictadura-reeleccion/: destino local presente en dist/.
/lecturas/prensa-instrumento-cientifico-revolucion/,1,Saltar al contenido principal,#contenido-principal,ancla_en_pagina,resuelto_localmente,#contenido-principal,,aprobado,/lecturas/prensa-instrumento-cientifico-revolucion/: destino local presente en dist/.
/lecturas/prensa-instrumento-cientifico-revolucion/,2,HII Historia Contemporánea de México II Preparatoria Agrícola · UACh,/,ruta_interna,resuelto_localmente,/,,aprobado,/lecturas/prensa-instrumento-cientifico-revolucion/: destino local presente en dist/.
/lecturas/prensa-instrumento-cientifico-revolucion/,3,Lecturas,/lecturas/,ruta_interna,resuelto_localmente,/lecturas/,,aprobado,/lecturas/prensa-instrumento-cientifico-revolucion/: destino local presente en dist/.
/lecturas/prensa-instrumento-cientifico-revolucion/,4,Unidades,/unidades/regimen-porfirista/,ruta_interna,resuelto_localmente,/unidades/regimen-porfirista/,,aprobado,/lecturas/prensa-instrumento-cientifico-revolucion/: destino local presente en dist/.
/lecturas/prensa-instrumento-cientifico-revolucion/,5,Orientaciones,/orientaciones/,ruta_interna,resuelto_localmente,/orientaciones/,,aprobado,/lecturas/prensa-instrumento-cientifico-revolucion/: destino local presente en dist/.
/lecturas/prensa-instrumento-cientifico-revolucion/,6,Acerca,/acerca/,ruta_interna,resuelto_localmente,/acerca/,,aprobado,/lecturas/prensa-instrumento-cientifico-revolucion/: destino local presente en dist/.
/lecturas/prensa-instrumento-cientifico-revolucion/,7,Inicio,/,ruta_interna,resuelto_localmente,/,,aprobado,/lecturas/prensa-instrumento-cientifico-revolucion/: destino local presente en dist/.
/lecturas/prensa-instrumento-cientifico-revolucion/,8,Lecturas,/lecturas/,ruta_interna,resuelto_localmente,/lecturas/,,aprobado,/lecturas/prensa-instrumento-cientifico-revolucion/: destino local presente en dist/.
/lecturas/prensa-instrumento-cientifico-revolucion/,9,Abrir fuente institucional de La prensa como instrumento científico en tiempos de la Revolución,https://inehrm.gob.mx/es/inehrm/La_prensa_comoinstrumento_tiempos_de_revolucion,externo_institucional_o_fuente,verificado_disponible,https://inehrm.gob.mx/es/inehrm/La_prensa_comoinstrumento_tiempos_de_revolucion,Página institucional identificada.,aprobado,Página institucional identificada.
/lecturas/prensa-instrumento-cientifico-revolucion/,10,Expediente institucional del INEHRM,https://inehrm.gob.mx/es/inehrm/La_prensa_comoinstrumento_tiempos_de_revolucion,externo_institucional_o_fuente,verificado_disponible,https://inehrm.gob.mx/es/inehrm/La_prensa_comoinstrumento_tiempos_de_revolucion,Página institucional identificada.,aprobado,Página institucional identificada.
/lecturas/prensa-instrumento-cientifico-revolucion/,11,Revolución Mexicana,/unidades/revolucion-mexicana/,ruta_interna,resuelto_localmente,/unidades/revolucion-mexicana/,,aprobado,/lecturas/prensa-instrumento-cientifico-revolucion/: destino local presente en dist/.
/lecturas/prensa-instrumento-cientifico-revolucion/,12,Régimen Porfirista,/unidades/regimen-porfirista/,ruta_interna,resuelto_localmente,/unidades/regimen-porfirista/,,aprobado,/lecturas/prensa-instrumento-cientifico-revolucion/: destino local presente en dist/.
/lecturas/prensa-instrumento-cientifico-revolucion/,13,Estado surgido de la Revolución,/unidades/estado-surgido-de-la-revolucion/,ruta_interna,resuelto_localmente,/unidades/estado-surgido-de-la-revolucion/,,aprobado,/lecturas/prensa-instrumento-cientifico-revolucion/: destino local presente en dist/.
/lecturas/prensa-instrumento-cientifico-revolucion/,14,Trama transversal de la Unidad 3 — Estado surgido de la Revolución,/orientaciones/unidad-3-estado-surgido-de-la-revolucion/,ruta_interna,resuelto_localmente,/orientaciones/unidad-3-estado-surgido-de-la-revolucion/,,aprobado,/lecturas/prensa-instrumento-cientifico-revolucion/: destino local presente en dist/.
/lecturas/prensa-instrumento-cientifico-revolucion/,15,Metodología y límites,/acerca/,ruta_interna,resuelto_localmente,/acerca/,,aprobado,/lecturas/prensa-instrumento-cientifico-revolucion/: destino local presente en dist/.
/lecturas/prensa-instrumento-cientifico-revolucion/,16,Navegación docente,/orientaciones/,ruta_interna,resuelto_localmente,/orientaciones/,,aprobado,/lecturas/prensa-instrumento-cientifico-revolucion/: destino local presente en dist/.
/lecturas/relaciones-mexico-estados-unidos-1911-1918/,1,Saltar al contenido principal,#contenido-principal,ancla_en_pagina,resuelto_localmente,#contenido-principal,,aprobado,/lecturas/relaciones-mexico-estados-unidos-1911-1918/: destino local presente en dist/.
/lecturas/relaciones-mexico-estados-unidos-1911-1918/,2,HII Historia Contemporánea de México II Preparatoria Agrícola · UACh,/,ruta_interna,resuelto_localmente,/,,aprobado,/lecturas/relaciones-mexico-estados-unidos-1911-1918/: destino local presente en dist/.
/lecturas/relaciones-mexico-estados-unidos-1911-1918/,3,Lecturas,/lecturas/,ruta_interna,resuelto_localmente,/lecturas/,,aprobado,/lecturas/relaciones-mexico-estados-unidos-1911-1918/: destino local presente en dist/.
/lecturas/relaciones-mexico-estados-unidos-1911-1918/,4,Unidades,/unidades/regimen-porfirista/,ruta_interna,resuelto_localmente,/unidades/regimen-porfirista/,,aprobado,/lecturas/relaciones-mexico-estados-unidos-1911-1918/: destino local presente en dist/.
/lecturas/relaciones-mexico-estados-unidos-1911-1918/,5,Orientaciones,/orientaciones/,ruta_interna,resuelto_localmente,/orientaciones/,,aprobado,/lecturas/relaciones-mexico-estados-unidos-1911-1918/: destino local presente en dist/.
/lecturas/relaciones-mexico-estados-unidos-1911-1918/,6,Acerca,/acerca/,ruta_interna,resuelto_localmente,/acerca/,,aprobado,/lecturas/relaciones-mexico-estados-unidos-1911-1918/: destino local presente en dist/.
/lecturas/relaciones-mexico-estados-unidos-1911-1918/,7,Inicio,/,ruta_interna,resuelto_localmente,/,,aprobado,/lecturas/relaciones-mexico-estados-unidos-1911-1918/: destino local presente en dist/.
/lecturas/relaciones-mexico-estados-unidos-1911-1918/,8,Lecturas,/lecturas/,ruta_interna,resuelto_localmente,/lecturas/,,aprobado,/lecturas/relaciones-mexico-estados-unidos-1911-1918/: destino local presente en dist/.
/lecturas/relaciones-mexico-estados-unidos-1911-1918/,9,"Abrir fuente institucional de Relaciones México-Estados Unidos, 1911-1918",https://inehrm.gob.mx/es/inehrm/Relaciones_Mexico-Estados_Unidos_1911-1918,externo_institucional_o_fuente,verificado_disponible,https://inehrm.gob.mx/es/inehrm/Relaciones_Mexico-Estados_Unidos_1911-1918,Página institucional identificada.,aprobado,Página institucional identificada.
/lecturas/relaciones-mexico-estados-unidos-1911-1918/,10,Artículo institucional del INEHRM,https://inehrm.gob.mx/es/inehrm/Relaciones_Mexico-Estados_Unidos_1911-1918,externo_institucional_o_fuente,verificado_disponible,https://inehrm.gob.mx/es/inehrm/Relaciones_Mexico-Estados_Unidos_1911-1918,Página institucional identificada.,aprobado,Página institucional identificada.
/lecturas/relaciones-mexico-estados-unidos-1911-1918/,11,Revolución Mexicana,/unidades/revolucion-mexicana/,ruta_interna,resuelto_localmente,/unidades/revolucion-mexicana/,,aprobado,/lecturas/relaciones-mexico-estados-unidos-1911-1918/: destino local presente en dist/.
/lecturas/relaciones-mexico-estados-unidos-1911-1918/,12,Estado surgido de la Revolución,/unidades/estado-surgido-de-la-revolucion/,ruta_interna,resuelto_localmente,/unidades/estado-surgido-de-la-revolucion/,,aprobado,/lecturas/relaciones-mexico-estados-unidos-1911-1918/: destino local presente en dist/.
/lecturas/relaciones-mexico-estados-unidos-1911-1918/,13,Trama transversal de la Unidad 3 — Estado surgido de la Revolución,/orientaciones/unidad-3-estado-surgido-de-la-revolucion/,ruta_interna,resuelto_localmente,/orientaciones/unidad-3-estado-surgido-de-la-revolucion/,,aprobado,/lecturas/relaciones-mexico-estados-unidos-1911-1918/: destino local presente en dist/.
/lecturas/relaciones-mexico-estados-unidos-1911-1918/,14,Metodología y límites,/acerca/,ruta_interna,resuelto_localmente,/acerca/,,aprobado,/lecturas/relaciones-mexico-estados-unidos-1911-1918/: destino local presente en dist/.
/lecturas/relaciones-mexico-estados-unidos-1911-1918/,15,Navegación docente,/orientaciones/,ruta_interna,resuelto_localmente,/orientaciones/,,aprobado,/lecturas/relaciones-mexico-estados-unidos-1911-1918/: destino local presente en dist/.
/lecturas/resena-loaeza-sombra-superpotencia/,1,Saltar al contenido principal,#contenido-principal,ancla_en_pagina,resuelto_localmente,#contenido-principal,,aprobado,/lecturas/resena-loaeza-sombra-superpotencia/: destino local presente en dist/.
/lecturas/resena-loaeza-sombra-superpotencia/,2,HII Historia Contemporánea de México II Preparatoria Agrícola · UACh,/,ruta_interna,resuelto_localmente,/,,aprobado,/lecturas/resena-loaeza-sombra-superpotencia/: destino local presente en dist/.
/lecturas/resena-loaeza-sombra-superpotencia/,3,Lecturas,/lecturas/,ruta_interna,resuelto_localmente,/lecturas/,,aprobado,/lecturas/resena-loaeza-sombra-superpotencia/: destino local presente en dist/.
/lecturas/resena-loaeza-sombra-superpotencia/,4,Unidades,/unidades/regimen-porfirista/,ruta_interna,resuelto_localmente,/unidades/regimen-porfirista/,,aprobado,/lecturas/resena-loaeza-sombra-superpotencia/: destino local presente en dist/.
/lecturas/resena-loaeza-sombra-superpotencia/,5,Orientaciones,/orientaciones/,ruta_interna,resuelto_localmente,/orientaciones/,,aprobado,/lecturas/resena-loaeza-sombra-superpotencia/: destino local presente en dist/.
/lecturas/resena-loaeza-sombra-superpotencia/,6,Acerca,/acerca/,ruta_interna,resuelto_localmente,/acerca/,,aprobado,/lecturas/resena-loaeza-sombra-superpotencia/: destino local presente en dist/.
/lecturas/resena-loaeza-sombra-superpotencia/,7,Inicio,/,ruta_interna,resuelto_localmente,/,,aprobado,/lecturas/resena-loaeza-sombra-superpotencia/: destino local presente en dist/.
/lecturas/resena-loaeza-sombra-superpotencia/,8,Lecturas,/lecturas/,ruta_interna,resuelto_localmente,/lecturas/,,aprobado,/lecturas/resena-loaeza-sombra-superpotencia/: destino local presente en dist/.
/lecturas/resena-loaeza-sombra-superpotencia/,9,"Abrir fuente institucional de Sobre Soledad Loaeza, A la sombra de la superpotencia: tres presidentes mexicanos en la Guerra Fría, 1945-1958",https://www.scielo.org.mx/scielo.php?pid=S2448-65312024000300448&script=sci_arttext,externo_institucional_o_fuente,verificado_disponible,https://www.scielo.org.mx/scielo.php?pid=S2448-65312024000300448&script=sci_arttext,Página de SciELO México identificada.,aprobado,Página de SciELO México identificada.
/lecturas/resena-loaeza-sombra-superpotencia/,10,Reseña en SciELO México,https://www.scielo.org.mx/scielo.php?pid=S2448-65312024000300448&script=sci_arttext,externo_institucional_o_fuente,verificado_disponible,https://www.scielo.org.mx/scielo.php?pid=S2448-65312024000300448&script=sci_arttext,Página de SciELO México identificada.,aprobado,Página de SciELO México identificada.
/lecturas/resena-loaeza-sombra-superpotencia/,11,Consolidación del sistema político autoritario,/unidades/consolidacion-sistema-politico-autoritario/,ruta_interna,resuelto_localmente,/unidades/consolidacion-sistema-politico-autoritario/,,aprobado,/lecturas/resena-loaeza-sombra-superpotencia/: destino local presente en dist/.
/lecturas/resena-loaeza-sombra-superpotencia/,12,Estado surgido de la Revolución,/unidades/estado-surgido-de-la-revolucion/,ruta_interna,resuelto_localmente,/unidades/estado-surgido-de-la-revolucion/,,aprobado,/lecturas/resena-loaeza-sombra-superpotencia/: destino local presente en dist/.
/lecturas/resena-loaeza-sombra-superpotencia/,13,Trama transversal de la Unidad 3 — Estado surgido de la Revolución,/orientaciones/unidad-3-estado-surgido-de-la-revolucion/,ruta_interna,resuelto_localmente,/orientaciones/unidad-3-estado-surgido-de-la-revolucion/,,aprobado,/lecturas/resena-loaeza-sombra-superpotencia/: destino local presente en dist/.
/lecturas/resena-loaeza-sombra-superpotencia/,14,Metodología y límites,/acerca/,ruta_interna,resuelto_localmente,/acerca/,,aprobado,/lecturas/resena-loaeza-sombra-superpotencia/: destino local presente en dist/.
/lecturas/resena-loaeza-sombra-superpotencia/,15,Navegación docente,/orientaciones/,ruta_interna,resuelto_localmente,/orientaciones/,,aprobado,/lecturas/resena-loaeza-sombra-superpotencia/: destino local presente en dist/.
/lecturas/revolucion-constitucionalista/,1,Saltar al contenido principal,#contenido-principal,ancla_en_pagina,resuelto_localmente,#contenido-principal,,aprobado,/lecturas/revolucion-constitucionalista/: destino local presente en dist/.
/lecturas/revolucion-constitucionalista/,2,HII Historia Contemporánea de México II Preparatoria Agrícola · UACh,/,ruta_interna,resuelto_localmente,/,,aprobado,/lecturas/revolucion-constitucionalista/: destino local presente en dist/.
/lecturas/revolucion-constitucionalista/,3,Lecturas,/lecturas/,ruta_interna,resuelto_localmente,/lecturas/,,aprobado,/lecturas/revolucion-constitucionalista/: destino local presente en dist/.
/lecturas/revolucion-constitucionalista/,4,Unidades,/unidades/regimen-porfirista/,ruta_interna,resuelto_localmente,/unidades/regimen-porfirista/,,aprobado,/lecturas/revolucion-constitucionalista/: destino local presente en dist/.
/lecturas/revolucion-constitucionalista/,5,Orientaciones,/orientaciones/,ruta_interna,resuelto_localmente,/orientaciones/,,aprobado,/lecturas/revolucion-constitucionalista/: destino local presente en dist/.
/lecturas/revolucion-constitucionalista/,6,Acerca,/acerca/,ruta_interna,resuelto_localmente,/acerca/,,aprobado,/lecturas/revolucion-constitucionalista/: destino local presente en dist/.
/lecturas/revolucion-constitucionalista/,7,Inicio,/,ruta_interna,resuelto_localmente,/,,aprobado,/lecturas/revolucion-constitucionalista/: destino local presente en dist/.
/lecturas/revolucion-constitucionalista/,8,Lecturas,/lecturas/,ruta_interna,resuelto_localmente,/lecturas/,,aprobado,/lecturas/revolucion-constitucionalista/: destino local presente en dist/.
/lecturas/revolucion-constitucionalista/,9,Abrir fuente institucional de La Revolución y los revolucionarios. Tomo III: La revolución constitucionalista,https://inehrm.gob.mx/work/models/inehrm/Resource/455/1/images/Tomo_III.pdf,externo_institucional_o_fuente,verificado_disponible,https://inehrm.gob.mx/work/models/inehrm/Resource/455/1/images/Tomo_III.pdf,PDF oficial localizado en el dominio vigente del INEHRM; conserva la ruta del recurso alojada antes en el dominio legado. Verificado el 2026-09-01.,aprobado,PDF oficial localizado en el dominio vigente del INEHRM; conserva la ruta del recurso alojada antes en el dominio legado. Verificado el 2026-09-01.
/lecturas/revolucion-constitucionalista/,10,PDF institucional del INEHRM,https://inehrm.gob.mx/work/models/inehrm/Resource/455/1/images/Tomo_III.pdf,externo_institucional_o_fuente,verificado_disponible,https://inehrm.gob.mx/work/models/inehrm/Resource/455/1/images/Tomo_III.pdf,PDF oficial localizado en el dominio vigente del INEHRM; conserva la ruta del recurso alojada antes en el dominio legado. Verificado el 2026-09-01.,aprobado,PDF oficial localizado en el dominio vigente del INEHRM; conserva la ruta del recurso alojada antes en el dominio legado. Verificado el 2026-09-01.
/lecturas/revolucion-constitucionalista/,11,Revolución Mexicana,/unidades/revolucion-mexicana/,ruta_interna,resuelto_localmente,/unidades/revolucion-mexicana/,,aprobado,/lecturas/revolucion-constitucionalista/: destino local presente en dist/.
/lecturas/revolucion-constitucionalista/,12,"Maderismo, Decena Trágica y ruptura de 1913",/orientaciones/maderismo-decena-tragica-ruptura-1913/,ruta_interna,resuelto_localmente,/orientaciones/maderismo-decena-tragica-ruptura-1913/,,aprobado,/lecturas/revolucion-constitucionalista/: destino local presente en dist/.
/lecturas/revolucion-constitucionalista/,13,Metodología y límites,/acerca/,ruta_interna,resuelto_localmente,/acerca/,,aprobado,/lecturas/revolucion-constitucionalista/: destino local presente en dist/.
/lecturas/revolucion-constitucionalista/,14,Navegación docente,/orientaciones/,ruta_interna,resuelto_localmente,/orientaciones/,,aprobado,/lecturas/revolucion-constitucionalista/: destino local presente en dist/.
/lecturas/revolucion-mexicana-laboratorio-visual-fotografos-camaras/,1,Saltar al contenido principal,#contenido-principal,ancla_en_pagina,resuelto_localmente,#contenido-principal,,aprobado,/lecturas/revolucion-mexicana-laboratorio-visual-fotografos-camaras/: destino local presente en dist/.
/lecturas/revolucion-mexicana-laboratorio-visual-fotografos-camaras/,2,HII Historia Contemporánea de México II Preparatoria Agrícola · UACh,/,ruta_interna,resuelto_localmente,/,,aprobado,/lecturas/revolucion-mexicana-laboratorio-visual-fotografos-camaras/: destino local presente en dist/.
/lecturas/revolucion-mexicana-laboratorio-visual-fotografos-camaras/,3,Lecturas,/lecturas/,ruta_interna,resuelto_localmente,/lecturas/,,aprobado,/lecturas/revolucion-mexicana-laboratorio-visual-fotografos-camaras/: destino local presente en dist/.
/lecturas/revolucion-mexicana-laboratorio-visual-fotografos-camaras/,4,Unidades,/unidades/regimen-porfirista/,ruta_interna,resuelto_localmente,/unidades/regimen-porfirista/,,aprobado,/lecturas/revolucion-mexicana-laboratorio-visual-fotografos-camaras/: destino local presente en dist/.
/lecturas/revolucion-mexicana-laboratorio-visual-fotografos-camaras/,5,Orientaciones,/orientaciones/,ruta_interna,resuelto_localmente,/orientaciones/,,aprobado,/lecturas/revolucion-mexicana-laboratorio-visual-fotografos-camaras/: destino local presente en dist/.
/lecturas/revolucion-mexicana-laboratorio-visual-fotografos-camaras/,6,Acerca,/acerca/,ruta_interna,resuelto_localmente,/acerca/,,aprobado,/lecturas/revolucion-mexicana-laboratorio-visual-fotografos-camaras/: destino local presente en dist/.
/lecturas/revolucion-mexicana-laboratorio-visual-fotografos-camaras/,7,Inicio,/,ruta_interna,resuelto_localmente,/,,aprobado,/lecturas/revolucion-mexicana-laboratorio-visual-fotografos-camaras/: destino local presente en dist/.
/lecturas/revolucion-mexicana-laboratorio-visual-fotografos-camaras/,8,Lecturas,/lecturas/,ruta_interna,resuelto_localmente,/lecturas/,,aprobado,/lecturas/revolucion-mexicana-laboratorio-visual-fotografos-camaras/: destino local presente en dist/.
/lecturas/revolucion-mexicana-laboratorio-visual-fotografos-camaras/,9,Abrir fuente institucional de La Revolución Mexicana. Un laboratorio visual entre fotógrafos y cámaras,https://www.inehrm.gob.mx/es/inehrm/La_Revolucion_Mexicana_Un_laboratorio_visual_entre_fotografos_y_camaras,externo_institucional_o_fuente,verificado_disponible,https://www.inehrm.gob.mx/es/inehrm/La_Revolucion_Mexicana_Un_laboratorio_visual_entre_fotografos_y_camaras,Página institucional identificada.,aprobado,Página institucional identificada.
/lecturas/revolucion-mexicana-laboratorio-visual-fotografos-camaras/,10,PDF institucional del INEHRM,https://www.inehrm.gob.mx/es/inehrm/La_Revolucion_Mexicana_Un_laboratorio_visual_entre_fotografos_y_camaras,externo_institucional_o_fuente,verificado_disponible,https://www.inehrm.gob.mx/es/inehrm/La_Revolucion_Mexicana_Un_laboratorio_visual_entre_fotografos_y_camaras,Página institucional identificada.,aprobado,Página institucional identificada.
/lecturas/revolucion-mexicana-laboratorio-visual-fotografos-camaras/,11,Revolución Mexicana,/unidades/revolucion-mexicana/,ruta_interna,resuelto_localmente,/unidades/revolucion-mexicana/,,aprobado,/lecturas/revolucion-mexicana-laboratorio-visual-fotografos-camaras/: destino local presente en dist/.
/lecturas/revolucion-mexicana-laboratorio-visual-fotografos-camaras/,12,Régimen Porfirista,/unidades/regimen-porfirista/,ruta_interna,resuelto_localmente,/unidades/regimen-porfirista/,,aprobado,/lecturas/revolucion-mexicana-laboratorio-visual-fotografos-camaras/: destino local presente en dist/.
/lecturas/revolucion-mexicana-laboratorio-visual-fotografos-camaras/,13,Metodología y límites,/acerca/,ruta_interna,resuelto_localmente,/acerca/,,aprobado,/lecturas/revolucion-mexicana-laboratorio-visual-fotografos-camaras/: destino local presente en dist/.
/lecturas/revolucion-mexicana-laboratorio-visual-fotografos-camaras/,14,Navegación docente,/orientaciones/,ruta_interna,resuelto_localmente,/orientaciones/,,aprobado,/lecturas/revolucion-mexicana-laboratorio-visual-fotografos-camaras/: destino local presente en dist/.
/lecturas/sistema-politico-desarrollo-reacomodo-poder/,1,Saltar al contenido principal,#contenido-principal,ancla_en_pagina,resuelto_localmente,#contenido-principal,,aprobado,/lecturas/sistema-politico-desarrollo-reacomodo-poder/: destino local presente en dist/.
/lecturas/sistema-politico-desarrollo-reacomodo-poder/,2,HII Historia Contemporánea de México II Preparatoria Agrícola · UACh,/,ruta_interna,resuelto_localmente,/,,aprobado,/lecturas/sistema-politico-desarrollo-reacomodo-poder/: destino local presente en dist/.
/lecturas/sistema-politico-desarrollo-reacomodo-poder/,3,Lecturas,/lecturas/,ruta_interna,resuelto_localmente,/lecturas/,,aprobado,/lecturas/sistema-politico-desarrollo-reacomodo-poder/: destino local presente en dist/.
/lecturas/sistema-politico-desarrollo-reacomodo-poder/,4,Unidades,/unidades/regimen-porfirista/,ruta_interna,resuelto_localmente,/unidades/regimen-porfirista/,,aprobado,/lecturas/sistema-politico-desarrollo-reacomodo-poder/: destino local presente en dist/.
/lecturas/sistema-politico-desarrollo-reacomodo-poder/,5,Orientaciones,/orientaciones/,ruta_interna,resuelto_localmente,/orientaciones/,,aprobado,/lecturas/sistema-politico-desarrollo-reacomodo-poder/: destino local presente en dist/.
/lecturas/sistema-politico-desarrollo-reacomodo-poder/,6,Acerca,/acerca/,ruta_interna,resuelto_localmente,/acerca/,,aprobado,/lecturas/sistema-politico-desarrollo-reacomodo-poder/: destino local presente en dist/.
/lecturas/sistema-politico-desarrollo-reacomodo-poder/,7,Inicio,/,ruta_interna,resuelto_localmente,/,,aprobado,/lecturas/sistema-politico-desarrollo-reacomodo-poder/: destino local presente en dist/.
/lecturas/sistema-politico-desarrollo-reacomodo-poder/,8,Lecturas,/lecturas/,ruta_interna,resuelto_localmente,/lecturas/,,aprobado,/lecturas/sistema-politico-desarrollo-reacomodo-poder/: destino local presente en dist/.
/lecturas/sistema-politico-desarrollo-reacomodo-poder/,9,Abrir fuente institucional de Sistema político mexicano: desarrollo y reacomodo del poder,https://www.redalyc.org/pdf/2110/211015582008.pdf,externo_institucional_o_fuente,verificado_disponible,https://www.redalyc.org/pdf/2110/211015582008.pdf,PDF disponible.,aprobado,PDF disponible.
/lecturas/sistema-politico-desarrollo-reacomodo-poder/,10,Artículo en Redalyc,https://www.redalyc.org/pdf/2110/211015582008.pdf,externo_institucional_o_fuente,verificado_disponible,https://www.redalyc.org/pdf/2110/211015582008.pdf,PDF disponible.,aprobado,PDF disponible.
/lecturas/sistema-politico-desarrollo-reacomodo-poder/,11,Neoliberalismo y alternancia,/unidades/neoliberalismo-y-alternancia/,ruta_interna,resuelto_localmente,/unidades/neoliberalismo-y-alternancia/,,aprobado,/lecturas/sistema-politico-desarrollo-reacomodo-poder/: destino local presente en dist/.
/lecturas/sistema-politico-desarrollo-reacomodo-poder/,12,Consolidación del sistema político autoritario,/unidades/consolidacion-sistema-politico-autoritario/,ruta_interna,resuelto_localmente,/unidades/consolidacion-sistema-politico-autoritario/,,aprobado,/lecturas/sistema-politico-desarrollo-reacomodo-poder/: destino local presente en dist/.
/lecturas/sistema-politico-desarrollo-reacomodo-poder/,13,Metodología y límites,/acerca/,ruta_interna,resuelto_localmente,/acerca/,,aprobado,/lecturas/sistema-politico-desarrollo-reacomodo-poder/: destino local presente en dist/.
/lecturas/sistema-politico-desarrollo-reacomodo-poder/,14,Navegación docente,/orientaciones/,ruta_interna,resuelto_localmente,/orientaciones/,,aprobado,/lecturas/sistema-politico-desarrollo-reacomodo-poder/: destino local presente en dist/.
/lecturas/sistema-politico-etapa-clasica/,1,Saltar al contenido principal,#contenido-principal,ancla_en_pagina,resuelto_localmente,#contenido-principal,,aprobado,/lecturas/sistema-politico-etapa-clasica/: destino local presente en dist/.
/lecturas/sistema-politico-etapa-clasica/,2,HII Historia Contemporánea de México II Preparatoria Agrícola · UACh,/,ruta_interna,resuelto_localmente,/,,aprobado,/lecturas/sistema-politico-etapa-clasica/: destino local presente en dist/.
/lecturas/sistema-politico-etapa-clasica/,3,Lecturas,/lecturas/,ruta_interna,resuelto_localmente,/lecturas/,,aprobado,/lecturas/sistema-politico-etapa-clasica/: destino local presente en dist/.
/lecturas/sistema-politico-etapa-clasica/,4,Unidades,/unidades/regimen-porfirista/,ruta_interna,resuelto_localmente,/unidades/regimen-porfirista/,,aprobado,/lecturas/sistema-politico-etapa-clasica/: destino local presente en dist/.
/lecturas/sistema-politico-etapa-clasica/,5,Orientaciones,/orientaciones/,ruta_interna,resuelto_localmente,/orientaciones/,,aprobado,/lecturas/sistema-politico-etapa-clasica/: destino local presente en dist/.
/lecturas/sistema-politico-etapa-clasica/,6,Acerca,/acerca/,ruta_interna,resuelto_localmente,/acerca/,,aprobado,/lecturas/sistema-politico-etapa-clasica/: destino local presente en dist/.
/lecturas/sistema-politico-etapa-clasica/,7,Inicio,/,ruta_interna,resuelto_localmente,/,,aprobado,/lecturas/sistema-politico-etapa-clasica/: destino local presente en dist/.
/lecturas/sistema-politico-etapa-clasica/,8,Lecturas,/lecturas/,ruta_interna,resuelto_localmente,/lecturas/,,aprobado,/lecturas/sistema-politico-etapa-clasica/: destino local presente en dist/.
/lecturas/sistema-politico-etapa-clasica/,9,Abrir fuente institucional de El sistema político mexicano: la etapa clásica,https://archivos.juridicas.unam.mx/www/bjv/libros/1/181/4.pdf,externo_institucional_o_fuente,verificado_disponible,https://archivos.juridicas.unam.mx/www/bjv/libros/1/181/4.pdf,PDF institucional disponible.,aprobado,PDF institucional disponible.
/lecturas/sistema-politico-etapa-clasica/,10,Capítulo en la Biblioteca Jurídica Virtual del IIJ-UNAM,https://archivos.juridicas.unam.mx/www/bjv/libros/1/181/4.pdf,externo_institucional_o_fuente,verificado_disponible,https://archivos.juridicas.unam.mx/www/bjv/libros/1/181/4.pdf,PDF institucional disponible.,aprobado,PDF institucional disponible.
/lecturas/sistema-politico-etapa-clasica/,11,Consolidación del sistema político autoritario,/unidades/consolidacion-sistema-politico-autoritario/,ruta_interna,resuelto_localmente,/unidades/consolidacion-sistema-politico-autoritario/,,aprobado,/lecturas/sistema-politico-etapa-clasica/: destino local presente en dist/.
/lecturas/sistema-politico-etapa-clasica/,12,Estado surgido de la Revolución,/unidades/estado-surgido-de-la-revolucion/,ruta_interna,resuelto_localmente,/unidades/estado-surgido-de-la-revolucion/,,aprobado,/lecturas/sistema-politico-etapa-clasica/: destino local presente en dist/.
/lecturas/sistema-politico-etapa-clasica/,13,Neoliberalismo y alternancia,/unidades/neoliberalismo-y-alternancia/,ruta_interna,resuelto_localmente,/unidades/neoliberalismo-y-alternancia/,,aprobado,/lecturas/sistema-politico-etapa-clasica/: destino local presente en dist/.
/lecturas/sistema-politico-etapa-clasica/,14,Trama transversal de la Unidad 3 — Estado surgido de la Revolución,/orientaciones/unidad-3-estado-surgido-de-la-revolucion/,ruta_interna,resuelto_localmente,/orientaciones/unidad-3-estado-surgido-de-la-revolucion/,,aprobado,/lecturas/sistema-politico-etapa-clasica/: destino local presente en dist/.
/lecturas/sistema-politico-etapa-clasica/,15,Arquitectura del sistema político autoritario,/orientaciones/arquitectura-sistema-politico-autoritario/,ruta_interna,resuelto_localmente,/orientaciones/arquitectura-sistema-politico-autoritario/,,aprobado,/lecturas/sistema-politico-etapa-clasica/: destino local presente en dist/.
/lecturas/sistema-politico-etapa-clasica/,16,Metodología y límites,/acerca/,ruta_interna,resuelto_localmente,/acerca/,,aprobado,/lecturas/sistema-politico-etapa-clasica/: destino local presente en dist/.
/lecturas/sistema-politico-etapa-clasica/,17,Navegación docente,/orientaciones/,ruta_interna,resuelto_localmente,/orientaciones/,,aprobado,/lecturas/sistema-politico-etapa-clasica/: destino local presente en dist/.
/lecturas/sistema-politico-mexicano/,1,Saltar al contenido principal,#contenido-principal,ancla_en_pagina,resuelto_localmente,#contenido-principal,,aprobado,/lecturas/sistema-politico-mexicano/: destino local presente en dist/.
/lecturas/sistema-politico-mexicano/,2,HII Historia Contemporánea de México II Preparatoria Agrícola · UACh,/,ruta_interna,resuelto_localmente,/,,aprobado,/lecturas/sistema-politico-mexicano/: destino local presente en dist/.
/lecturas/sistema-politico-mexicano/,3,Lecturas,/lecturas/,ruta_interna,resuelto_localmente,/lecturas/,,aprobado,/lecturas/sistema-politico-mexicano/: destino local presente en dist/.
/lecturas/sistema-politico-mexicano/,4,Unidades,/unidades/regimen-porfirista/,ruta_interna,resuelto_localmente,/unidades/regimen-porfirista/,,aprobado,/lecturas/sistema-politico-mexicano/: destino local presente en dist/.
/lecturas/sistema-politico-mexicano/,5,Orientaciones,/orientaciones/,ruta_interna,resuelto_localmente,/orientaciones/,,aprobado,/lecturas/sistema-politico-mexicano/: destino local presente en dist/.
/lecturas/sistema-politico-mexicano/,6,Acerca,/acerca/,ruta_interna,resuelto_localmente,/acerca/,,aprobado,/lecturas/sistema-politico-mexicano/: destino local presente en dist/.
/lecturas/sistema-politico-mexicano/,7,Inicio,/,ruta_interna,resuelto_localmente,/,,aprobado,/lecturas/sistema-politico-mexicano/: destino local presente en dist/.
/lecturas/sistema-politico-mexicano/,8,Lecturas,/lecturas/,ruta_interna,resuelto_localmente,/lecturas/,,aprobado,/lecturas/sistema-politico-mexicano/: destino local presente en dist/.
/lecturas/sistema-politico-mexicano/,9,Abrir fuente institucional de El sistema político mexicano,https://dmd.unadmexico.mx/contenidos/DCSA/MODULOS/AGP/M4_AGSPAM/U2/S4/descargables/AGP_M4_U2_S4_TA.pdf,externo_institucional_o_fuente,verificado_disponible,https://dmd.unadmexico.mx/contenidos/DCSA/MODULOS/AGP/M4_AGSPAM/U2/S4/descargables/AGP_M4_U2_S4_TA.pdf,PDF institucional disponible.,aprobado,PDF institucional disponible.
/lecturas/sistema-politico-mexicano/,10,PDF institucional de la UNADM,https://dmd.unadmexico.mx/contenidos/DCSA/MODULOS/AGP/M4_AGSPAM/U2/S4/descargables/AGP_M4_U2_S4_TA.pdf,externo_institucional_o_fuente,verificado_disponible,https://dmd.unadmexico.mx/contenidos/DCSA/MODULOS/AGP/M4_AGSPAM/U2/S4/descargables/AGP_M4_U2_S4_TA.pdf,PDF institucional disponible.,aprobado,PDF institucional disponible.
/lecturas/sistema-politico-mexicano/,11,Consolidación del sistema político autoritario,/unidades/consolidacion-sistema-politico-autoritario/,ruta_interna,resuelto_localmente,/unidades/consolidacion-sistema-politico-autoritario/,,aprobado,/lecturas/sistema-politico-mexicano/: destino local presente en dist/.
/lecturas/sistema-politico-mexicano/,12,Estado surgido de la Revolución,/unidades/estado-surgido-de-la-revolucion/,ruta_interna,resuelto_localmente,/unidades/estado-surgido-de-la-revolucion/,,aprobado,/lecturas/sistema-politico-mexicano/: destino local presente en dist/.
/lecturas/sistema-politico-mexicano/,13,Neoliberalismo y alternancia,/unidades/neoliberalismo-y-alternancia/,ruta_interna,resuelto_localmente,/unidades/neoliberalismo-y-alternancia/,,aprobado,/lecturas/sistema-politico-mexicano/: destino local presente en dist/.
/lecturas/sistema-politico-mexicano/,14,Régimen Porfirista,/unidades/regimen-porfirista/,ruta_interna,resuelto_localmente,/unidades/regimen-porfirista/,,aprobado,/lecturas/sistema-politico-mexicano/: destino local presente en dist/.
/lecturas/sistema-politico-mexicano/,15,Revolución Mexicana,/unidades/revolucion-mexicana/,ruta_interna,resuelto_localmente,/unidades/revolucion-mexicana/,,aprobado,/lecturas/sistema-politico-mexicano/: destino local presente en dist/.
/lecturas/sistema-politico-mexicano/,16,"Estado, reelección y legitimidad en el Régimen Porfirista",/orientaciones/estado-reeleccion-legitimidad-regimen-porfirista/,ruta_interna,resuelto_localmente,/orientaciones/estado-reeleccion-legitimidad-regimen-porfirista/,,aprobado,/lecturas/sistema-politico-mexicano/: destino local presente en dist/.
/lecturas/sistema-politico-mexicano/,17,Trama transversal de la Unidad 3 — Estado surgido de la Revolución,/orientaciones/unidad-3-estado-surgido-de-la-revolucion/,ruta_interna,resuelto_localmente,/orientaciones/unidad-3-estado-surgido-de-la-revolucion/,,aprobado,/lecturas/sistema-politico-mexicano/: destino local presente en dist/.
/lecturas/sistema-politico-mexicano/,18,Arquitectura del sistema político autoritario,/orientaciones/arquitectura-sistema-politico-autoritario/,ruta_interna,resuelto_localmente,/orientaciones/arquitectura-sistema-politico-autoritario/,,aprobado,/lecturas/sistema-politico-mexicano/: destino local presente en dist/.
/lecturas/sistema-politico-mexicano/,19,Metodología y límites,/acerca/,ruta_interna,resuelto_localmente,/acerca/,,aprobado,/lecturas/sistema-politico-mexicano/: destino local presente en dist/.
/lecturas/sistema-politico-mexicano/,20,Navegación docente,/orientaciones/,ruta_interna,resuelto_localmente,/orientaciones/,,aprobado,/lecturas/sistema-politico-mexicano/: destino local presente en dist/.
/lecturas/teorizando-revolucion-mexicana/,1,Saltar al contenido principal,#contenido-principal,ancla_en_pagina,resuelto_localmente,#contenido-principal,,aprobado,/lecturas/teorizando-revolucion-mexicana/: destino local presente en dist/.
/lecturas/teorizando-revolucion-mexicana/,2,HII Historia Contemporánea de México II Preparatoria Agrícola · UACh,/,ruta_interna,resuelto_localmente,/,,aprobado,/lecturas/teorizando-revolucion-mexicana/: destino local presente en dist/.
/lecturas/teorizando-revolucion-mexicana/,3,Lecturas,/lecturas/,ruta_interna,resuelto_localmente,/lecturas/,,aprobado,/lecturas/teorizando-revolucion-mexicana/: destino local presente en dist/.
/lecturas/teorizando-revolucion-mexicana/,4,Unidades,/unidades/regimen-porfirista/,ruta_interna,resuelto_localmente,/unidades/regimen-porfirista/,,aprobado,/lecturas/teorizando-revolucion-mexicana/: destino local presente en dist/.
/lecturas/teorizando-revolucion-mexicana/,5,Orientaciones,/orientaciones/,ruta_interna,resuelto_localmente,/orientaciones/,,aprobado,/lecturas/teorizando-revolucion-mexicana/: destino local presente en dist/.
/lecturas/teorizando-revolucion-mexicana/,6,Acerca,/acerca/,ruta_interna,resuelto_localmente,/acerca/,,aprobado,/lecturas/teorizando-revolucion-mexicana/: destino local presente en dist/.
/lecturas/teorizando-revolucion-mexicana/,7,Inicio,/,ruta_interna,resuelto_localmente,/,,aprobado,/lecturas/teorizando-revolucion-mexicana/: destino local presente en dist/.
/lecturas/teorizando-revolucion-mexicana/,8,Lecturas,/lecturas/,ruta_interna,resuelto_localmente,/lecturas/,,aprobado,/lecturas/teorizando-revolucion-mexicana/: destino local presente en dist/.
/lecturas/teorizando-revolucion-mexicana/,9,Abrir fuente institucional de Teorizando sobre la Revolución Mexicana: interpretaciones de sus historiadores y cronistas,https://inehrm.gob.mx/recursos/Libros/TeorizandoSobreRevolucionMex.pdf,externo_institucional_o_fuente,verificado_disponible,https://inehrm.gob.mx/recursos/Libros/TeorizandoSobreRevolucionMex.pdf,PDF oficial localizado y consultable en el dominio vigente del INEHRM. Verificado el 2026-09-01.,aprobado,PDF oficial localizado y consultable en el dominio vigente del INEHRM. Verificado el 2026-09-01.
/lecturas/teorizando-revolucion-mexicana/,10,PDF institucional del INEHRM,https://inehrm.gob.mx/recursos/Libros/TeorizandoSobreRevolucionMex.pdf,externo_institucional_o_fuente,verificado_disponible,https://inehrm.gob.mx/recursos/Libros/TeorizandoSobreRevolucionMex.pdf,PDF oficial localizado y consultable en el dominio vigente del INEHRM. Verificado el 2026-09-01.,aprobado,PDF oficial localizado y consultable en el dominio vigente del INEHRM. Verificado el 2026-09-01.
/lecturas/teorizando-revolucion-mexicana/,11,Revolución Mexicana,/unidades/revolucion-mexicana/,ruta_interna,resuelto_localmente,/unidades/revolucion-mexicana/,,aprobado,/lecturas/teorizando-revolucion-mexicana/: destino local presente en dist/.
/lecturas/teorizando-revolucion-mexicana/,12,Régimen Porfirista,/unidades/regimen-porfirista/,ruta_interna,resuelto_localmente,/unidades/regimen-porfirista/,,aprobado,/lecturas/teorizando-revolucion-mexicana/: destino local presente en dist/.
/lecturas/teorizando-revolucion-mexicana/,13,Estado surgido de la Revolución,/unidades/estado-surgido-de-la-revolucion/,ruta_interna,resuelto_localmente,/unidades/estado-surgido-de-la-revolucion/,,aprobado,/lecturas/teorizando-revolucion-mexicana/: destino local presente en dist/.
/lecturas/teorizando-revolucion-mexicana/,14,Trama transversal de la Unidad 3 — Estado surgido de la Revolución,/orientaciones/unidad-3-estado-surgido-de-la-revolucion/,ruta_interna,resuelto_localmente,/orientaciones/unidad-3-estado-surgido-de-la-revolucion/,,aprobado,/lecturas/teorizando-revolucion-mexicana/: destino local presente en dist/.
/lecturas/teorizando-revolucion-mexicana/,15,Metodología y límites,/acerca/,ruta_interna,resuelto_localmente,/acerca/,,aprobado,/lecturas/teorizando-revolucion-mexicana/: destino local presente en dist/.
/lecturas/teorizando-revolucion-mexicana/,16,Navegación docente,/orientaciones/,ruta_interna,resuelto_localmente,/orientaciones/,,aprobado,/lecturas/teorizando-revolucion-mexicana/: destino local presente en dist/.
/lecturas/yaquis-memoria-territorio-participacion-politica/,1,Saltar al contenido principal,#contenido-principal,ancla_en_pagina,resuelto_localmente,#contenido-principal,,aprobado,/lecturas/yaquis-memoria-territorio-participacion-politica/: destino local presente en dist/.
/lecturas/yaquis-memoria-territorio-participacion-politica/,2,HII Historia Contemporánea de México II Preparatoria Agrícola · UACh,/,ruta_interna,resuelto_localmente,/,,aprobado,/lecturas/yaquis-memoria-territorio-participacion-politica/: destino local presente en dist/.
/lecturas/yaquis-memoria-territorio-participacion-politica/,3,Lecturas,/lecturas/,ruta_interna,resuelto_localmente,/lecturas/,,aprobado,/lecturas/yaquis-memoria-territorio-participacion-politica/: destino local presente en dist/.
/lecturas/yaquis-memoria-territorio-participacion-politica/,4,Unidades,/unidades/regimen-porfirista/,ruta_interna,resuelto_localmente,/unidades/regimen-porfirista/,,aprobado,/lecturas/yaquis-memoria-territorio-participacion-politica/: destino local presente en dist/.
/lecturas/yaquis-memoria-territorio-participacion-politica/,5,Orientaciones,/orientaciones/,ruta_interna,resuelto_localmente,/orientaciones/,,aprobado,/lecturas/yaquis-memoria-territorio-participacion-politica/: destino local presente en dist/.
/lecturas/yaquis-memoria-territorio-participacion-politica/,6,Acerca,/acerca/,ruta_interna,resuelto_localmente,/acerca/,,aprobado,/lecturas/yaquis-memoria-territorio-participacion-politica/: destino local presente en dist/.
/lecturas/yaquis-memoria-territorio-participacion-politica/,7,Inicio,/,ruta_interna,resuelto_localmente,/,,aprobado,/lecturas/yaquis-memoria-territorio-participacion-politica/: destino local presente en dist/.
/lecturas/yaquis-memoria-territorio-participacion-politica/,8,Lecturas,/lecturas/,ruta_interna,resuelto_localmente,/lecturas/,,aprobado,/lecturas/yaquis-memoria-territorio-participacion-politica/: destino local presente en dist/.
/lecturas/yaquis-memoria-territorio-participacion-politica/,9,"Abrir fuente institucional de Yaquis. Memoria, territorio y participación política",https://www.inehrm.gob.mx/recursos/Libros/2025_yaquis_memoria_territorio_yparticipacion_politica.pdf,externo_institucional_o_fuente,verificado_disponible,https://www.inehrm.gob.mx/recursos/Libros/2025_yaquis_memoria_territorio_yparticipacion_politica.pdf,PDF institucional disponible.,aprobado,PDF institucional disponible.
/lecturas/yaquis-memoria-territorio-participacion-politica/,10,PDF institucional del INEHRM,https://www.inehrm.gob.mx/recursos/Libros/2025_yaquis_memoria_territorio_yparticipacion_politica.pdf,externo_institucional_o_fuente,verificado_disponible,https://www.inehrm.gob.mx/recursos/Libros/2025_yaquis_memoria_territorio_yparticipacion_politica.pdf,PDF institucional disponible.,aprobado,PDF institucional disponible.
/lecturas/yaquis-memoria-territorio-participacion-politica/,11,Régimen Porfirista,/unidades/regimen-porfirista/,ruta_interna,resuelto_localmente,/unidades/regimen-porfirista/,,aprobado,/lecturas/yaquis-memoria-territorio-participacion-politica/: destino local presente en dist/.
/lecturas/yaquis-memoria-territorio-participacion-politica/,12,Revolución Mexicana,/unidades/revolucion-mexicana/,ruta_interna,resuelto_localmente,/unidades/revolucion-mexicana/,,aprobado,/lecturas/yaquis-memoria-territorio-participacion-politica/: destino local presente en dist/.
/lecturas/yaquis-memoria-territorio-participacion-politica/,13,Estado surgido de la Revolución,/unidades/estado-surgido-de-la-revolucion/,ruta_interna,resuelto_localmente,/unidades/estado-surgido-de-la-revolucion/,,aprobado,/lecturas/yaquis-memoria-territorio-participacion-politica/: destino local presente en dist/.
/lecturas/yaquis-memoria-territorio-participacion-politica/,14,Neoliberalismo y alternancia,/unidades/neoliberalismo-y-alternancia/,ruta_interna,resuelto_localmente,/unidades/neoliberalismo-y-alternancia/,,aprobado,/lecturas/yaquis-memoria-territorio-participacion-politica/: destino local presente en dist/.
/lecturas/yaquis-memoria-territorio-participacion-politica/,15,"Modernización, territorio y contradicciones en el Régimen Porfirista",/orientaciones/modernizacion-territorio-contradicciones-regimen-porfirista/,ruta_interna,resuelto_localmente,/orientaciones/modernizacion-territorio-contradicciones-regimen-porfirista/,,aprobado,/lecturas/yaquis-memoria-territorio-participacion-politica/: destino local presente en dist/.
/lecturas/yaquis-memoria-territorio-participacion-politica/,16,Trama transversal de la Unidad 3 — Estado surgido de la Revolución,/orientaciones/unidad-3-estado-surgido-de-la-revolucion/,ruta_interna,resuelto_localmente,/orientaciones/unidad-3-estado-surgido-de-la-revolucion/,,aprobado,/lecturas/yaquis-memoria-territorio-participacion-politica/: destino local presente en dist/.
/lecturas/yaquis-memoria-territorio-participacion-politica/,17,Metodología y límites,/acerca/,ruta_interna,resuelto_localmente,/acerca/,,aprobado,/lecturas/yaquis-memoria-territorio-participacion-politica/: destino local presente en dist/.
/lecturas/yaquis-memoria-territorio-participacion-politica/,18,Navegación docente,/orientaciones/,ruta_interna,resuelto_localmente,/orientaciones/,,aprobado,/lecturas/yaquis-memoria-territorio-participacion-politica/: destino local presente en dist/.
/orientaciones/antirreeleccionismo-levantamiento-revolucion-mexicana/,1,Saltar al contenido principal,#contenido-principal,ancla_en_pagina,resuelto_localmente,#contenido-principal,,aprobado,/orientaciones/antirreeleccionismo-levantamiento-revolucion-mexicana/: destino local presente en dist/.
/orientaciones/antirreeleccionismo-levantamiento-revolucion-mexicana/,2,HII Historia Contemporánea de México II Preparatoria Agrícola · UACh,/,ruta_interna,resuelto_localmente,/,,aprobado,/orientaciones/antirreeleccionismo-levantamiento-revolucion-mexicana/: destino local presente en dist/.
/orientaciones/antirreeleccionismo-levantamiento-revolucion-mexicana/,3,Lecturas,/lecturas/,ruta_interna,resuelto_localmente,/lecturas/,,aprobado,/orientaciones/antirreeleccionismo-levantamiento-revolucion-mexicana/: destino local presente en dist/.
/orientaciones/antirreeleccionismo-levantamiento-revolucion-mexicana/,4,Unidades,/unidades/regimen-porfirista/,ruta_interna,resuelto_localmente,/unidades/regimen-porfirista/,,aprobado,/orientaciones/antirreeleccionismo-levantamiento-revolucion-mexicana/: destino local presente en dist/.
/orientaciones/antirreeleccionismo-levantamiento-revolucion-mexicana/,5,Orientaciones,/orientaciones/,ruta_interna,resuelto_localmente,/orientaciones/,,aprobado,/orientaciones/antirreeleccionismo-levantamiento-revolucion-mexicana/: destino local presente en dist/.
/orientaciones/antirreeleccionismo-levantamiento-revolucion-mexicana/,6,Acerca,/acerca/,ruta_interna,resuelto_localmente,/acerca/,,aprobado,/orientaciones/antirreeleccionismo-levantamiento-revolucion-mexicana/: destino local presente en dist/.
/orientaciones/antirreeleccionismo-levantamiento-revolucion-mexicana/,7,Inicio,/,ruta_interna,resuelto_localmente,/,,aprobado,/orientaciones/antirreeleccionismo-levantamiento-revolucion-mexicana/: destino local presente en dist/.
/orientaciones/antirreeleccionismo-levantamiento-revolucion-mexicana/,8,Orientaciones,/orientaciones/,ruta_interna,resuelto_localmente,/orientaciones/,,aprobado,/orientaciones/antirreeleccionismo-levantamiento-revolucion-mexicana/: destino local presente en dist/.
/orientaciones/antirreeleccionismo-levantamiento-revolucion-mexicana/,9,HIST2_0005: La Revolución y los revolucionarios. Tomo II: Maderismo,/lecturas/maderismo/,ruta_interna,resuelto_localmente,/lecturas/maderismo/,,aprobado,/orientaciones/antirreeleccionismo-levantamiento-revolucion-mexicana/: destino local presente en dist/.
/orientaciones/antirreeleccionismo-levantamiento-revolucion-mexicana/,10,HIST2_0008: Documentos fundamentales de la Revolución Mexicana,/lecturas/documentos-fundamentales-revolucion-mexicana/,ruta_interna,resuelto_localmente,/lecturas/documentos-fundamentales-revolucion-mexicana/,,aprobado,/orientaciones/antirreeleccionismo-levantamiento-revolucion-mexicana/: destino local presente en dist/.
/orientaciones/antirreeleccionismo-levantamiento-revolucion-mexicana/,11,Ruta A: Del antirreeleccionismo al levantamiento,#ruta-analisis-a,ancla_en_pagina,resuelto_localmente,#ruta-analisis-a,,aprobado,/orientaciones/antirreeleccionismo-levantamiento-revolucion-mexicana/: destino local presente en dist/.
/orientaciones/antirreeleccionismo-levantamiento-revolucion-mexicana/,12,La Revolución y los revolucionarios. Tomo II: Maderismo,/lecturas/maderismo/,ruta_interna,resuelto_localmente,/lecturas/maderismo/,,aprobado,/orientaciones/antirreeleccionismo-levantamiento-revolucion-mexicana/: destino local presente en dist/.
/orientaciones/antirreeleccionismo-levantamiento-revolucion-mexicana/,13,Ruta A: Del antirreeleccionismo al levantamiento,#ruta-analisis-a,ancla_en_pagina,resuelto_localmente,#ruta-analisis-a,,aprobado,/orientaciones/antirreeleccionismo-levantamiento-revolucion-mexicana/: destino local presente en dist/.
/orientaciones/antirreeleccionismo-levantamiento-revolucion-mexicana/,14,Documentos fundamentales de la Revolución Mexicana,/lecturas/documentos-fundamentales-revolucion-mexicana/,ruta_interna,resuelto_localmente,/lecturas/documentos-fundamentales-revolucion-mexicana/,,aprobado,/orientaciones/antirreeleccionismo-levantamiento-revolucion-mexicana/: destino local presente en dist/.
/orientaciones/antirreeleccionismo-levantamiento-revolucion-mexicana/,15,Revolución Mexicana,/unidades/revolucion-mexicana/,ruta_interna,resuelto_localmente,/unidades/revolucion-mexicana/,,aprobado,/orientaciones/antirreeleccionismo-levantamiento-revolucion-mexicana/: destino local presente en dist/.
/orientaciones/antirreeleccionismo-levantamiento-revolucion-mexicana/,16,Metodología y límites,/acerca/,ruta_interna,resuelto_localmente,/acerca/,,aprobado,/orientaciones/antirreeleccionismo-levantamiento-revolucion-mexicana/: destino local presente en dist/.
/orientaciones/antirreeleccionismo-levantamiento-revolucion-mexicana/,17,Navegación docente,/orientaciones/,ruta_interna,resuelto_localmente,/orientaciones/,,aprobado,/orientaciones/antirreeleccionismo-levantamiento-revolucion-mexicana/: destino local presente en dist/.
/orientaciones/arquitectura-sistema-politico-autoritario/,1,Saltar al contenido principal,#contenido-principal,ancla_en_pagina,resuelto_localmente,#contenido-principal,,aprobado,/orientaciones/arquitectura-sistema-politico-autoritario/: destino local presente en dist/.
/orientaciones/arquitectura-sistema-politico-autoritario/,2,HII Historia Contemporánea de México II Preparatoria Agrícola · UACh,/,ruta_interna,resuelto_localmente,/,,aprobado,/orientaciones/arquitectura-sistema-politico-autoritario/: destino local presente en dist/.
/orientaciones/arquitectura-sistema-politico-autoritario/,3,Lecturas,/lecturas/,ruta_interna,resuelto_localmente,/lecturas/,,aprobado,/orientaciones/arquitectura-sistema-politico-autoritario/: destino local presente en dist/.
/orientaciones/arquitectura-sistema-politico-autoritario/,4,Unidades,/unidades/regimen-porfirista/,ruta_interna,resuelto_localmente,/unidades/regimen-porfirista/,,aprobado,/orientaciones/arquitectura-sistema-politico-autoritario/: destino local presente en dist/.
/orientaciones/arquitectura-sistema-politico-autoritario/,5,Orientaciones,/orientaciones/,ruta_interna,resuelto_localmente,/orientaciones/,,aprobado,/orientaciones/arquitectura-sistema-politico-autoritario/: destino local presente en dist/.
/orientaciones/arquitectura-sistema-politico-autoritario/,6,Acerca,/acerca/,ruta_interna,resuelto_localmente,/acerca/,,aprobado,/orientaciones/arquitectura-sistema-politico-autoritario/: destino local presente en dist/.
/orientaciones/arquitectura-sistema-politico-autoritario/,7,Inicio,/,ruta_interna,resuelto_localmente,/,,aprobado,/orientaciones/arquitectura-sistema-politico-autoritario/: destino local presente en dist/.
/orientaciones/arquitectura-sistema-politico-autoritario/,8,Orientaciones,/orientaciones/,ruta_interna,resuelto_localmente,/orientaciones/,,aprobado,/orientaciones/arquitectura-sistema-politico-autoritario/: destino local presente en dist/.
/orientaciones/arquitectura-sistema-politico-autoritario/,9,HIST2_0003: El sistema político mexicano,/lecturas/sistema-politico-mexicano/,ruta_interna,resuelto_localmente,/lecturas/sistema-politico-mexicano/,,aprobado,/orientaciones/arquitectura-sistema-politico-autoritario/: destino local presente en dist/.
/orientaciones/arquitectura-sistema-politico-autoritario/,10,HIST2_0016: El sistema político mexicano: la etapa clásica,/lecturas/sistema-politico-etapa-clasica/,ruta_interna,resuelto_localmente,/lecturas/sistema-politico-etapa-clasica/,,aprobado,/orientaciones/arquitectura-sistema-politico-autoritario/: destino local presente en dist/.
/orientaciones/arquitectura-sistema-politico-autoritario/,11,Ruta A: Arquitectura del sistema autoritario,#ruta-analisis-a,ancla_en_pagina,resuelto_localmente,#ruta-analisis-a,,aprobado,/orientaciones/arquitectura-sistema-politico-autoritario/: destino local presente en dist/.
/orientaciones/arquitectura-sistema-politico-autoritario/,12,El sistema político mexicano,/lecturas/sistema-politico-mexicano/,ruta_interna,resuelto_localmente,/lecturas/sistema-politico-mexicano/,,aprobado,/orientaciones/arquitectura-sistema-politico-autoritario/: destino local presente en dist/.
/orientaciones/arquitectura-sistema-politico-autoritario/,13,Ruta A: Arquitectura del sistema autoritario,#ruta-analisis-a,ancla_en_pagina,resuelto_localmente,#ruta-analisis-a,,aprobado,/orientaciones/arquitectura-sistema-politico-autoritario/: destino local presente en dist/.
/orientaciones/arquitectura-sistema-politico-autoritario/,14,El sistema político mexicano: la etapa clásica,/lecturas/sistema-politico-etapa-clasica/,ruta_interna,resuelto_localmente,/lecturas/sistema-politico-etapa-clasica/,,aprobado,/orientaciones/arquitectura-sistema-politico-autoritario/: destino local presente en dist/.
/orientaciones/arquitectura-sistema-politico-autoritario/,15,Consolidación del sistema político autoritario,/unidades/consolidacion-sistema-politico-autoritario/,ruta_interna,resuelto_localmente,/unidades/consolidacion-sistema-politico-autoritario/,,aprobado,/orientaciones/arquitectura-sistema-politico-autoritario/: destino local presente en dist/.
/orientaciones/arquitectura-sistema-politico-autoritario/,16,Metodología y límites,/acerca/,ruta_interna,resuelto_localmente,/acerca/,,aprobado,/orientaciones/arquitectura-sistema-politico-autoritario/: destino local presente en dist/.
/orientaciones/arquitectura-sistema-politico-autoritario/,17,Navegación docente,/orientaciones/,ruta_interna,resuelto_localmente,/orientaciones/,,aprobado,/orientaciones/arquitectura-sistema-politico-autoritario/: destino local presente en dist/.
/orientaciones/estado-reeleccion-legitimidad-regimen-porfirista/,1,Saltar al contenido principal,#contenido-principal,ancla_en_pagina,resuelto_localmente,#contenido-principal,,aprobado,/orientaciones/estado-reeleccion-legitimidad-regimen-porfirista/: destino local presente en dist/.
/orientaciones/estado-reeleccion-legitimidad-regimen-porfirista/,2,HII Historia Contemporánea de México II Preparatoria Agrícola · UACh,/,ruta_interna,resuelto_localmente,/,,aprobado,/orientaciones/estado-reeleccion-legitimidad-regimen-porfirista/: destino local presente en dist/.
/orientaciones/estado-reeleccion-legitimidad-regimen-porfirista/,3,Lecturas,/lecturas/,ruta_interna,resuelto_localmente,/lecturas/,,aprobado,/orientaciones/estado-reeleccion-legitimidad-regimen-porfirista/: destino local presente en dist/.
/orientaciones/estado-reeleccion-legitimidad-regimen-porfirista/,4,Unidades,/unidades/regimen-porfirista/,ruta_interna,resuelto_localmente,/unidades/regimen-porfirista/,,aprobado,/orientaciones/estado-reeleccion-legitimidad-regimen-porfirista/: destino local presente en dist/.
/orientaciones/estado-reeleccion-legitimidad-regimen-porfirista/,5,Orientaciones,/orientaciones/,ruta_interna,resuelto_localmente,/orientaciones/,,aprobado,/orientaciones/estado-reeleccion-legitimidad-regimen-porfirista/: destino local presente en dist/.
/orientaciones/estado-reeleccion-legitimidad-regimen-porfirista/,6,Acerca,/acerca/,ruta_interna,resuelto_localmente,/acerca/,,aprobado,/orientaciones/estado-reeleccion-legitimidad-regimen-porfirista/: destino local presente en dist/.
/orientaciones/estado-reeleccion-legitimidad-regimen-porfirista/,7,Inicio,/,ruta_interna,resuelto_localmente,/,,aprobado,/orientaciones/estado-reeleccion-legitimidad-regimen-porfirista/: destino local presente en dist/.
/orientaciones/estado-reeleccion-legitimidad-regimen-porfirista/,8,Orientaciones,/orientaciones/,ruta_interna,resuelto_localmente,/orientaciones/,,aprobado,/orientaciones/estado-reeleccion-legitimidad-regimen-porfirista/: destino local presente en dist/.
/orientaciones/estado-reeleccion-legitimidad-regimen-porfirista/,9,HIST2_0001: La dictadura porfirista,/lecturas/dictadura-porfirista/,ruta_interna,resuelto_localmente,/lecturas/dictadura-porfirista/,,aprobado,/orientaciones/estado-reeleccion-legitimidad-regimen-porfirista/: destino local presente en dist/.
/orientaciones/estado-reeleccion-legitimidad-regimen-porfirista/,10,"HIST2_0019: Porfirio Díaz (1830-1915): La Constitución, la dictadura y la reelección",/lecturas/porfirio-diaz-constitucion-dictadura-reeleccion/,ruta_interna,resuelto_localmente,/lecturas/porfirio-diaz-constitucion-dictadura-reeleccion/,,aprobado,/orientaciones/estado-reeleccion-legitimidad-regimen-porfirista/: destino local presente en dist/.
/orientaciones/estado-reeleccion-legitimidad-regimen-porfirista/,11,HIST2_0003: El sistema político mexicano,/lecturas/sistema-politico-mexicano/,ruta_interna,resuelto_localmente,/lecturas/sistema-politico-mexicano/,,aprobado,/orientaciones/estado-reeleccion-legitimidad-regimen-porfirista/: destino local presente en dist/.
/orientaciones/estado-reeleccion-legitimidad-regimen-porfirista/,12,"Ruta B: Estado, reelección y legitimidad",#ruta-analisis-b,ancla_en_pagina,resuelto_localmente,#ruta-analisis-b,,aprobado,/orientaciones/estado-reeleccion-legitimidad-regimen-porfirista/: destino local presente en dist/.
/orientaciones/estado-reeleccion-legitimidad-regimen-porfirista/,13,La dictadura porfirista,/lecturas/dictadura-porfirista/,ruta_interna,resuelto_localmente,/lecturas/dictadura-porfirista/,,aprobado,/orientaciones/estado-reeleccion-legitimidad-regimen-porfirista/: destino local presente en dist/.
/orientaciones/estado-reeleccion-legitimidad-regimen-porfirista/,14,"Ruta B: Estado, reelección y legitimidad",#ruta-analisis-b,ancla_en_pagina,resuelto_localmente,#ruta-analisis-b,,aprobado,/orientaciones/estado-reeleccion-legitimidad-regimen-porfirista/: destino local presente en dist/.
/orientaciones/estado-reeleccion-legitimidad-regimen-porfirista/,15,"Porfirio Díaz (1830-1915): La Constitución, la dictadura y la reelección",/lecturas/porfirio-diaz-constitucion-dictadura-reeleccion/,ruta_interna,resuelto_localmente,/lecturas/porfirio-diaz-constitucion-dictadura-reeleccion/,,aprobado,/orientaciones/estado-reeleccion-legitimidad-regimen-porfirista/: destino local presente en dist/.
/orientaciones/estado-reeleccion-legitimidad-regimen-porfirista/,16,"Ruta B: Estado, reelección y legitimidad",#ruta-analisis-b,ancla_en_pagina,resuelto_localmente,#ruta-analisis-b,,aprobado,/orientaciones/estado-reeleccion-legitimidad-regimen-porfirista/: destino local presente en dist/.
/orientaciones/estado-reeleccion-legitimidad-regimen-porfirista/,17,El sistema político mexicano,/lecturas/sistema-politico-mexicano/,ruta_interna,resuelto_localmente,/lecturas/sistema-politico-mexicano/,,aprobado,/orientaciones/estado-reeleccion-legitimidad-regimen-porfirista/: destino local presente en dist/.
/orientaciones/estado-reeleccion-legitimidad-regimen-porfirista/,18,Régimen Porfirista,/unidades/regimen-porfirista/,ruta_interna,resuelto_localmente,/unidades/regimen-porfirista/,,aprobado,/orientaciones/estado-reeleccion-legitimidad-regimen-porfirista/: destino local presente en dist/.
/orientaciones/estado-reeleccion-legitimidad-regimen-porfirista/,19,Metodología y límites,/acerca/,ruta_interna,resuelto_localmente,/acerca/,,aprobado,/orientaciones/estado-reeleccion-legitimidad-regimen-porfirista/: destino local presente en dist/.
/orientaciones/estado-reeleccion-legitimidad-regimen-porfirista/,20,Navegación docente,/orientaciones/,ruta_interna,resuelto_localmente,/orientaciones/,,aprobado,/orientaciones/estado-reeleccion-legitimidad-regimen-porfirista/: destino local presente en dist/.
/orientaciones/,1,Saltar al contenido principal,#contenido-principal,ancla_en_pagina,resuelto_localmente,#contenido-principal,,aprobado,/orientaciones/: destino local presente en dist/.
/orientaciones/,2,HII Historia Contemporánea de México II Preparatoria Agrícola · UACh,/,ruta_interna,resuelto_localmente,/,,aprobado,/orientaciones/: destino local presente en dist/.
/orientaciones/,3,Lecturas,/lecturas/,ruta_interna,resuelto_localmente,/lecturas/,,aprobado,/orientaciones/: destino local presente en dist/.
/orientaciones/,4,Unidades,/unidades/regimen-porfirista/,ruta_interna,resuelto_localmente,/unidades/regimen-porfirista/,,aprobado,/orientaciones/: destino local presente en dist/.
/orientaciones/,5,Orientaciones,/orientaciones/,ruta_interna,resuelto_localmente,/orientaciones/,,aprobado,/orientaciones/: destino local presente en dist/.
/orientaciones/,6,Acerca,/acerca/,ruta_interna,resuelto_localmente,/acerca/,,aprobado,/orientaciones/: destino local presente en dist/.
/orientaciones/,7,"Modernización, territorio y contradicciones en el Régimen Porfirista",/orientaciones/modernizacion-territorio-contradicciones-regimen-porfirista/,ruta_interna,resuelto_localmente,/orientaciones/modernizacion-territorio-contradicciones-regimen-porfirista/,,aprobado,/orientaciones/: destino local presente en dist/.
/orientaciones/,8,Abrir orientación →,/orientaciones/modernizacion-territorio-contradicciones-regimen-porfirista/,ruta_interna,resuelto_localmente,/orientaciones/modernizacion-territorio-contradicciones-regimen-porfirista/,,aprobado,/orientaciones/: destino local presente en dist/.
/orientaciones/,9,"Estado, reelección y legitimidad en el Régimen Porfirista",/orientaciones/estado-reeleccion-legitimidad-regimen-porfirista/,ruta_interna,resuelto_localmente,/orientaciones/estado-reeleccion-legitimidad-regimen-porfirista/,,aprobado,/orientaciones/: destino local presente en dist/.
/orientaciones/,10,Abrir orientación →,/orientaciones/estado-reeleccion-legitimidad-regimen-porfirista/,ruta_interna,resuelto_localmente,/orientaciones/estado-reeleccion-legitimidad-regimen-porfirista/,,aprobado,/orientaciones/: destino local presente en dist/.
/orientaciones/,11,Del antirreeleccionismo al levantamiento,/orientaciones/antirreeleccionismo-levantamiento-revolucion-mexicana/,ruta_interna,resuelto_localmente,/orientaciones/antirreeleccionismo-levantamiento-revolucion-mexicana/,,aprobado,/orientaciones/: destino local presente en dist/.
/orientaciones/,12,Abrir orientación →,/orientaciones/antirreeleccionismo-levantamiento-revolucion-mexicana/,ruta_interna,resuelto_localmente,/orientaciones/antirreeleccionismo-levantamiento-revolucion-mexicana/,,aprobado,/orientaciones/: destino local presente en dist/.
/orientaciones/,13,"Maderismo, Decena Trágica y ruptura de 1913",/orientaciones/maderismo-decena-tragica-ruptura-1913/,ruta_interna,resuelto_localmente,/orientaciones/maderismo-decena-tragica-ruptura-1913/,,aprobado,/orientaciones/: destino local presente en dist/.
/orientaciones/,14,Abrir orientación →,/orientaciones/maderismo-decena-tragica-ruptura-1913/,ruta_interna,resuelto_localmente,/orientaciones/maderismo-decena-tragica-ruptura-1913/,,aprobado,/orientaciones/: destino local presente en dist/.
/orientaciones/,15,Trama transversal de la Unidad 3 — Estado surgido de la Revolución,/orientaciones/unidad-3-estado-surgido-de-la-revolucion/,ruta_interna,resuelto_localmente,/orientaciones/unidad-3-estado-surgido-de-la-revolucion/,,aprobado,/orientaciones/: destino local presente en dist/.
/orientaciones/,16,Abrir orientación →,/orientaciones/unidad-3-estado-surgido-de-la-revolucion/,ruta_interna,resuelto_localmente,/orientaciones/unidad-3-estado-surgido-de-la-revolucion/,,aprobado,/orientaciones/: destino local presente en dist/.
/orientaciones/,17,Arquitectura del sistema político autoritario,/orientaciones/arquitectura-sistema-politico-autoritario/,ruta_interna,resuelto_localmente,/orientaciones/arquitectura-sistema-politico-autoritario/,,aprobado,/orientaciones/: destino local presente en dist/.
/orientaciones/,18,Abrir orientación →,/orientaciones/arquitectura-sistema-politico-autoritario/,ruta_interna,resuelto_localmente,/orientaciones/arquitectura-sistema-politico-autoritario/,,aprobado,/orientaciones/: destino local presente en dist/.
/orientaciones/,19,Metodología y límites,/acerca/,ruta_interna,resuelto_localmente,/acerca/,,aprobado,/orientaciones/: destino local presente en dist/.
/orientaciones/,20,Navegación docente,/orientaciones/,ruta_interna,resuelto_localmente,/orientaciones/,,aprobado,/orientaciones/: destino local presente en dist/.
/orientaciones/maderismo-decena-tragica-ruptura-1913/,1,Saltar al contenido principal,#contenido-principal,ancla_en_pagina,resuelto_localmente,#contenido-principal,,aprobado,/orientaciones/maderismo-decena-tragica-ruptura-1913/: destino local presente en dist/.
/orientaciones/maderismo-decena-tragica-ruptura-1913/,2,HII Historia Contemporánea de México II Preparatoria Agrícola · UACh,/,ruta_interna,resuelto_localmente,/,,aprobado,/orientaciones/maderismo-decena-tragica-ruptura-1913/: destino local presente en dist/.
/orientaciones/maderismo-decena-tragica-ruptura-1913/,3,Lecturas,/lecturas/,ruta_interna,resuelto_localmente,/lecturas/,,aprobado,/orientaciones/maderismo-decena-tragica-ruptura-1913/: destino local presente en dist/.
/orientaciones/maderismo-decena-tragica-ruptura-1913/,4,Unidades,/unidades/regimen-porfirista/,ruta_interna,resuelto_localmente,/unidades/regimen-porfirista/,,aprobado,/orientaciones/maderismo-decena-tragica-ruptura-1913/: destino local presente en dist/.
/orientaciones/maderismo-decena-tragica-ruptura-1913/,5,Orientaciones,/orientaciones/,ruta_interna,resuelto_localmente,/orientaciones/,,aprobado,/orientaciones/maderismo-decena-tragica-ruptura-1913/: destino local presente en dist/.
/orientaciones/maderismo-decena-tragica-ruptura-1913/,6,Acerca,/acerca/,ruta_interna,resuelto_localmente,/acerca/,,aprobado,/orientaciones/maderismo-decena-tragica-ruptura-1913/: destino local presente en dist/.
/orientaciones/maderismo-decena-tragica-ruptura-1913/,7,Inicio,/,ruta_interna,resuelto_localmente,/,,aprobado,/orientaciones/maderismo-decena-tragica-ruptura-1913/: destino local presente en dist/.
/orientaciones/maderismo-decena-tragica-ruptura-1913/,8,Orientaciones,/orientaciones/,ruta_interna,resuelto_localmente,/orientaciones/,,aprobado,/orientaciones/maderismo-decena-tragica-ruptura-1913/: destino local presente en dist/.
/orientaciones/maderismo-decena-tragica-ruptura-1913/,9,HIST2_0005: La Revolución y los revolucionarios. Tomo II: Maderismo,/lecturas/maderismo/,ruta_interna,resuelto_localmente,/lecturas/maderismo/,,aprobado,/orientaciones/maderismo-decena-tragica-ruptura-1913/: destino local presente en dist/.
/orientaciones/maderismo-decena-tragica-ruptura-1913/,10,HIST2_0006: La Revolución y los revolucionarios. Tomo III: La revolución constitucionalista,/lecturas/revolucion-constitucionalista/,ruta_interna,resuelto_localmente,/lecturas/revolucion-constitucionalista/,,aprobado,/orientaciones/maderismo-decena-tragica-ruptura-1913/: destino local presente en dist/.
/orientaciones/maderismo-decena-tragica-ruptura-1913/,11,"Ruta B: Maderismo, Decena Trágica y ruptura de 1913",#ruta-analisis-b,ancla_en_pagina,resuelto_localmente,#ruta-analisis-b,,aprobado,/orientaciones/maderismo-decena-tragica-ruptura-1913/: destino local presente en dist/.
/orientaciones/maderismo-decena-tragica-ruptura-1913/,12,La Revolución y los revolucionarios. Tomo II: Maderismo,/lecturas/maderismo/,ruta_interna,resuelto_localmente,/lecturas/maderismo/,,aprobado,/orientaciones/maderismo-decena-tragica-ruptura-1913/: destino local presente en dist/.
/orientaciones/maderismo-decena-tragica-ruptura-1913/,13,"Ruta B: Maderismo, Decena Trágica y ruptura de 1913",#ruta-analisis-b,ancla_en_pagina,resuelto_localmente,#ruta-analisis-b,,aprobado,/orientaciones/maderismo-decena-tragica-ruptura-1913/: destino local presente en dist/.
/orientaciones/maderismo-decena-tragica-ruptura-1913/,14,La Revolución y los revolucionarios. Tomo III: La revolución constitucionalista,/lecturas/revolucion-constitucionalista/,ruta_interna,resuelto_localmente,/lecturas/revolucion-constitucionalista/,,aprobado,/orientaciones/maderismo-decena-tragica-ruptura-1913/: destino local presente en dist/.
/orientaciones/maderismo-decena-tragica-ruptura-1913/,15,Revolución Mexicana,/unidades/revolucion-mexicana/,ruta_interna,resuelto_localmente,/unidades/revolucion-mexicana/,,aprobado,/orientaciones/maderismo-decena-tragica-ruptura-1913/: destino local presente en dist/.
/orientaciones/maderismo-decena-tragica-ruptura-1913/,16,Metodología y límites,/acerca/,ruta_interna,resuelto_localmente,/acerca/,,aprobado,/orientaciones/maderismo-decena-tragica-ruptura-1913/: destino local presente en dist/.
/orientaciones/maderismo-decena-tragica-ruptura-1913/,17,Navegación docente,/orientaciones/,ruta_interna,resuelto_localmente,/orientaciones/,,aprobado,/orientaciones/maderismo-decena-tragica-ruptura-1913/: destino local presente en dist/.
/orientaciones/modernizacion-territorio-contradicciones-regimen-porfirista/,1,Saltar al contenido principal,#contenido-principal,ancla_en_pagina,resuelto_localmente,#contenido-principal,,aprobado,/orientaciones/modernizacion-territorio-contradicciones-regimen-porfirista/: destino local presente en dist/.
/orientaciones/modernizacion-territorio-contradicciones-regimen-porfirista/,2,HII Historia Contemporánea de México II Preparatoria Agrícola · UACh,/,ruta_interna,resuelto_localmente,/,,aprobado,/orientaciones/modernizacion-territorio-contradicciones-regimen-porfirista/: destino local presente en dist/.
/orientaciones/modernizacion-territorio-contradicciones-regimen-porfirista/,3,Lecturas,/lecturas/,ruta_interna,resuelto_localmente,/lecturas/,,aprobado,/orientaciones/modernizacion-territorio-contradicciones-regimen-porfirista/: destino local presente en dist/.
/orientaciones/modernizacion-territorio-contradicciones-regimen-porfirista/,4,Unidades,/unidades/regimen-porfirista/,ruta_interna,resuelto_localmente,/unidades/regimen-porfirista/,,aprobado,/orientaciones/modernizacion-territorio-contradicciones-regimen-porfirista/: destino local presente en dist/.
/orientaciones/modernizacion-territorio-contradicciones-regimen-porfirista/,5,Orientaciones,/orientaciones/,ruta_interna,resuelto_localmente,/orientaciones/,,aprobado,/orientaciones/modernizacion-territorio-contradicciones-regimen-porfirista/: destino local presente en dist/.
/orientaciones/modernizacion-territorio-contradicciones-regimen-porfirista/,6,Acerca,/acerca/,ruta_interna,resuelto_localmente,/acerca/,,aprobado,/orientaciones/modernizacion-territorio-contradicciones-regimen-porfirista/: destino local presente en dist/.
/orientaciones/modernizacion-territorio-contradicciones-regimen-porfirista/,7,Inicio,/,ruta_interna,resuelto_localmente,/,,aprobado,/orientaciones/modernizacion-territorio-contradicciones-regimen-porfirista/: destino local presente en dist/.
/orientaciones/modernizacion-territorio-contradicciones-regimen-porfirista/,8,Orientaciones,/orientaciones/,ruta_interna,resuelto_localmente,/orientaciones/,,aprobado,/orientaciones/modernizacion-territorio-contradicciones-regimen-porfirista/: destino local presente en dist/.
/orientaciones/modernizacion-territorio-contradicciones-regimen-porfirista/,9,HIST2_0001: La dictadura porfirista,/lecturas/dictadura-porfirista/,ruta_interna,resuelto_localmente,/lecturas/dictadura-porfirista/,,aprobado,/orientaciones/modernizacion-territorio-contradicciones-regimen-porfirista/: destino local presente en dist/.
/orientaciones/modernizacion-territorio-contradicciones-regimen-porfirista/,10,"HIST2_0002: Yaquis. Memoria, territorio y participación política",/lecturas/yaquis-memoria-territorio-participacion-politica/,ruta_interna,resuelto_localmente,/lecturas/yaquis-memoria-territorio-participacion-politica/,,aprobado,/orientaciones/modernizacion-territorio-contradicciones-regimen-porfirista/: destino local presente en dist/.
/orientaciones/modernizacion-territorio-contradicciones-regimen-porfirista/,11,"HIST2_0019: Porfirio Díaz (1830-1915): La Constitución, la dictadura y la reelección",/lecturas/porfirio-diaz-constitucion-dictadura-reeleccion/,ruta_interna,resuelto_localmente,/lecturas/porfirio-diaz-constitucion-dictadura-reeleccion/,,aprobado,/orientaciones/modernizacion-territorio-contradicciones-regimen-porfirista/: destino local presente en dist/.
/orientaciones/modernizacion-territorio-contradicciones-regimen-porfirista/,12,"Ruta A: Modernización, territorio y contradicciones",#ruta-analisis-a,ancla_en_pagina,resuelto_localmente,#ruta-analisis-a,,aprobado,/orientaciones/modernizacion-territorio-contradicciones-regimen-porfirista/: destino local presente en dist/.
/orientaciones/modernizacion-territorio-contradicciones-regimen-porfirista/,13,La dictadura porfirista,/lecturas/dictadura-porfirista/,ruta_interna,resuelto_localmente,/lecturas/dictadura-porfirista/,,aprobado,/orientaciones/modernizacion-territorio-contradicciones-regimen-porfirista/: destino local presente en dist/.
/orientaciones/modernizacion-territorio-contradicciones-regimen-porfirista/,14,"Ruta A: Modernización, territorio y contradicciones",#ruta-analisis-a,ancla_en_pagina,resuelto_localmente,#ruta-analisis-a,,aprobado,/orientaciones/modernizacion-territorio-contradicciones-regimen-porfirista/: destino local presente en dist/.
/orientaciones/modernizacion-territorio-contradicciones-regimen-porfirista/,15,"Yaquis. Memoria, territorio y participación política",/lecturas/yaquis-memoria-territorio-participacion-politica/,ruta_interna,resuelto_localmente,/lecturas/yaquis-memoria-territorio-participacion-politica/,,aprobado,/orientaciones/modernizacion-territorio-contradicciones-regimen-porfirista/: destino local presente en dist/.
/orientaciones/modernizacion-territorio-contradicciones-regimen-porfirista/,16,"Ruta A: Modernización, territorio y contradicciones",#ruta-analisis-a,ancla_en_pagina,resuelto_localmente,#ruta-analisis-a,,aprobado,/orientaciones/modernizacion-territorio-contradicciones-regimen-porfirista/: destino local presente en dist/.
/orientaciones/modernizacion-territorio-contradicciones-regimen-porfirista/,17,"Porfirio Díaz (1830-1915): La Constitución, la dictadura y la reelección",/lecturas/porfirio-diaz-constitucion-dictadura-reeleccion/,ruta_interna,resuelto_localmente,/lecturas/porfirio-diaz-constitucion-dictadura-reeleccion/,,aprobado,/orientaciones/modernizacion-territorio-contradicciones-regimen-porfirista/: destino local presente en dist/.
/orientaciones/modernizacion-territorio-contradicciones-regimen-porfirista/,18,Régimen Porfirista,/unidades/regimen-porfirista/,ruta_interna,resuelto_localmente,/unidades/regimen-porfirista/,,aprobado,/orientaciones/modernizacion-territorio-contradicciones-regimen-porfirista/: destino local presente en dist/.
/orientaciones/modernizacion-territorio-contradicciones-regimen-porfirista/,19,Metodología y límites,/acerca/,ruta_interna,resuelto_localmente,/acerca/,,aprobado,/orientaciones/modernizacion-territorio-contradicciones-regimen-porfirista/: destino local presente en dist/.
/orientaciones/modernizacion-territorio-contradicciones-regimen-porfirista/,20,Navegación docente,/orientaciones/,ruta_interna,resuelto_localmente,/orientaciones/,,aprobado,/orientaciones/modernizacion-territorio-contradicciones-regimen-porfirista/: destino local presente en dist/.
/orientaciones/unidad-3-estado-surgido-de-la-revolucion/,1,Saltar al contenido principal,#contenido-principal,ancla_en_pagina,resuelto_localmente,#contenido-principal,,aprobado,/orientaciones/unidad-3-estado-surgido-de-la-revolucion/: destino local presente en dist/.
/orientaciones/unidad-3-estado-surgido-de-la-revolucion/,2,HII Historia Contemporánea de México II Preparatoria Agrícola · UACh,/,ruta_interna,resuelto_localmente,/,,aprobado,/orientaciones/unidad-3-estado-surgido-de-la-revolucion/: destino local presente en dist/.
/orientaciones/unidad-3-estado-surgido-de-la-revolucion/,3,Lecturas,/lecturas/,ruta_interna,resuelto_localmente,/lecturas/,,aprobado,/orientaciones/unidad-3-estado-surgido-de-la-revolucion/: destino local presente en dist/.
/orientaciones/unidad-3-estado-surgido-de-la-revolucion/,4,Unidades,/unidades/regimen-porfirista/,ruta_interna,resuelto_localmente,/unidades/regimen-porfirista/,,aprobado,/orientaciones/unidad-3-estado-surgido-de-la-revolucion/: destino local presente en dist/.
/orientaciones/unidad-3-estado-surgido-de-la-revolucion/,5,Orientaciones,/orientaciones/,ruta_interna,resuelto_localmente,/orientaciones/,,aprobado,/orientaciones/unidad-3-estado-surgido-de-la-revolucion/: destino local presente en dist/.
/orientaciones/unidad-3-estado-surgido-de-la-revolucion/,6,Acerca,/acerca/,ruta_interna,resuelto_localmente,/acerca/,,aprobado,/orientaciones/unidad-3-estado-surgido-de-la-revolucion/: destino local presente en dist/.
/orientaciones/unidad-3-estado-surgido-de-la-revolucion/,7,Inicio,/,ruta_interna,resuelto_localmente,/,,aprobado,/orientaciones/unidad-3-estado-surgido-de-la-revolucion/: destino local presente en dist/.
/orientaciones/unidad-3-estado-surgido-de-la-revolucion/,8,Orientaciones,/orientaciones/,ruta_interna,resuelto_localmente,/orientaciones/,,aprobado,/orientaciones/unidad-3-estado-surgido-de-la-revolucion/: destino local presente en dist/.
/orientaciones/unidad-3-estado-surgido-de-la-revolucion/,9,HIST2_0003: El sistema político mexicano,/lecturas/sistema-politico-mexicano/,ruta_interna,resuelto_localmente,/lecturas/sistema-politico-mexicano/,,aprobado,/orientaciones/unidad-3-estado-surgido-de-la-revolucion/: destino local presente en dist/.
/orientaciones/unidad-3-estado-surgido-de-la-revolucion/,10,HIST2_0007: Teorizando sobre la Revolución Mexicana: interpretaciones de sus historiadores y cronistas,/lecturas/teorizando-revolucion-mexicana/,ruta_interna,resuelto_localmente,/lecturas/teorizando-revolucion-mexicana/,,aprobado,/orientaciones/unidad-3-estado-surgido-de-la-revolucion/: destino local presente en dist/.
/orientaciones/unidad-3-estado-surgido-de-la-revolucion/,11,HIST2_0015: Las elecciones y el sistema político,/lecturas/elecciones-sistema-politico/,ruta_interna,resuelto_localmente,/lecturas/elecciones-sistema-politico/,,aprobado,/orientaciones/unidad-3-estado-surgido-de-la-revolucion/: destino local presente en dist/.
/orientaciones/unidad-3-estado-surgido-de-la-revolucion/,12,HIST2_0016: El sistema político mexicano: la etapa clásica,/lecturas/sistema-politico-etapa-clasica/,ruta_interna,resuelto_localmente,/lecturas/sistema-politico-etapa-clasica/,,aprobado,/orientaciones/unidad-3-estado-surgido-de-la-revolucion/: destino local presente en dist/.
/orientaciones/unidad-3-estado-surgido-de-la-revolucion/,13,"HIST2_0002: Yaquis. Memoria, territorio y participación política",/lecturas/yaquis-memoria-territorio-participacion-politica/,ruta_interna,resuelto_localmente,/lecturas/yaquis-memoria-territorio-participacion-politica/,,aprobado,/orientaciones/unidad-3-estado-surgido-de-la-revolucion/: destino local presente en dist/.
/orientaciones/unidad-3-estado-surgido-de-la-revolucion/,14,HIST2_0008: Documentos fundamentales de la Revolución Mexicana,/lecturas/documentos-fundamentales-revolucion-mexicana/,ruta_interna,resuelto_localmente,/lecturas/documentos-fundamentales-revolucion-mexicana/,,aprobado,/orientaciones/unidad-3-estado-surgido-de-la-revolucion/: destino local presente en dist/.
/orientaciones/unidad-3-estado-surgido-de-la-revolucion/,15,HIST2_0008: Documentos fundamentales de la Revolución Mexicana,/lecturas/documentos-fundamentales-revolucion-mexicana/,ruta_interna,resuelto_localmente,/lecturas/documentos-fundamentales-revolucion-mexicana/,,aprobado,/orientaciones/unidad-3-estado-surgido-de-la-revolucion/: destino local presente en dist/.
/orientaciones/unidad-3-estado-surgido-de-la-revolucion/,16,"HIST2_0014: Relaciones México-Estados Unidos, 1911-1918",/lecturas/relaciones-mexico-estados-unidos-1911-1918/,ruta_interna,resuelto_localmente,/lecturas/relaciones-mexico-estados-unidos-1911-1918/,,aprobado,/orientaciones/unidad-3-estado-surgido-de-la-revolucion/: destino local presente en dist/.
/orientaciones/unidad-3-estado-surgido-de-la-revolucion/,17,"HIST2_0018: Sobre Soledad Loaeza, A la sombra de la superpotencia: tres presidentes mexicanos en la Guerra Fría, 1945-1958",/lecturas/resena-loaeza-sombra-superpotencia/,ruta_interna,resuelto_localmente,/lecturas/resena-loaeza-sombra-superpotencia/,,aprobado,/orientaciones/unidad-3-estado-surgido-de-la-revolucion/: destino local presente en dist/.
/orientaciones/unidad-3-estado-surgido-de-la-revolucion/,18,"HIST2_0002: Yaquis. Memoria, territorio y participación política",/lecturas/yaquis-memoria-territorio-participacion-politica/,ruta_interna,resuelto_localmente,/lecturas/yaquis-memoria-territorio-participacion-politica/,,aprobado,/orientaciones/unidad-3-estado-surgido-de-la-revolucion/: destino local presente en dist/.
/orientaciones/unidad-3-estado-surgido-de-la-revolucion/,19,HIST2_0008: Documentos fundamentales de la Revolución Mexicana,/lecturas/documentos-fundamentales-revolucion-mexicana/,ruta_interna,resuelto_localmente,/lecturas/documentos-fundamentales-revolucion-mexicana/,,aprobado,/orientaciones/unidad-3-estado-surgido-de-la-revolucion/: destino local presente en dist/.
/orientaciones/unidad-3-estado-surgido-de-la-revolucion/,20,HIST2_0013: La prensa como instrumento científico en tiempos de la Revolución,/lecturas/prensa-instrumento-cientifico-revolucion/,ruta_interna,resuelto_localmente,/lecturas/prensa-instrumento-cientifico-revolucion/,,aprobado,/orientaciones/unidad-3-estado-surgido-de-la-revolucion/: destino local presente en dist/.
/orientaciones/unidad-3-estado-surgido-de-la-revolucion/,21,HIST2_0015: Las elecciones y el sistema político,/lecturas/elecciones-sistema-politico/,ruta_interna,resuelto_localmente,/lecturas/elecciones-sistema-politico/,,aprobado,/orientaciones/unidad-3-estado-surgido-de-la-revolucion/: destino local presente en dist/.
/orientaciones/unidad-3-estado-surgido-de-la-revolucion/,22,HIST2_0016: El sistema político mexicano: la etapa clásica,/lecturas/sistema-politico-etapa-clasica/,ruta_interna,resuelto_localmente,/lecturas/sistema-politico-etapa-clasica/,,aprobado,/orientaciones/unidad-3-estado-surgido-de-la-revolucion/: destino local presente en dist/.
/orientaciones/unidad-3-estado-surgido-de-la-revolucion/,23,"HIST2_0018: Sobre Soledad Loaeza, A la sombra de la superpotencia: tres presidentes mexicanos en la Guerra Fría, 1945-1958",/lecturas/resena-loaeza-sombra-superpotencia/,ruta_interna,resuelto_localmente,/lecturas/resena-loaeza-sombra-superpotencia/,,aprobado,/orientaciones/unidad-3-estado-surgido-de-la-revolucion/: destino local presente en dist/.
/orientaciones/unidad-3-estado-surgido-de-la-revolucion/,24,"Ruta B: Cardenismo, territorio y reformas sociales",#ruta-analisis-b,ancla_en_pagina,resuelto_localmente,#ruta-analisis-b,,aprobado,/orientaciones/unidad-3-estado-surgido-de-la-revolucion/: destino local presente en dist/.
/orientaciones/unidad-3-estado-surgido-de-la-revolucion/,25,"Ruta D: Educación, ciencia, cultura y ciudadanía",#ruta-analisis-d,ancla_en_pagina,resuelto_localmente,#ruta-analisis-d,,aprobado,/orientaciones/unidad-3-estado-surgido-de-la-revolucion/: destino local presente en dist/.
/orientaciones/unidad-3-estado-surgido-de-la-revolucion/,26,"Yaquis. Memoria, territorio y participación política",/lecturas/yaquis-memoria-territorio-participacion-politica/,ruta_interna,resuelto_localmente,/lecturas/yaquis-memoria-territorio-participacion-politica/,,aprobado,/orientaciones/unidad-3-estado-surgido-de-la-revolucion/: destino local presente en dist/.
/orientaciones/unidad-3-estado-surgido-de-la-revolucion/,27,Ruta A: Del caudillismo a las instituciones,#ruta-analisis-a,ancla_en_pagina,resuelto_localmente,#ruta-analisis-a,,aprobado,/orientaciones/unidad-3-estado-surgido-de-la-revolucion/: destino local presente en dist/.
/orientaciones/unidad-3-estado-surgido-de-la-revolucion/,28,El sistema político mexicano,/lecturas/sistema-politico-mexicano/,ruta_interna,resuelto_localmente,/lecturas/sistema-politico-mexicano/,,aprobado,/orientaciones/unidad-3-estado-surgido-de-la-revolucion/: destino local presente en dist/.
/orientaciones/unidad-3-estado-surgido-de-la-revolucion/,29,Ruta A: Del caudillismo a las instituciones,#ruta-analisis-a,ancla_en_pagina,resuelto_localmente,#ruta-analisis-a,,aprobado,/orientaciones/unidad-3-estado-surgido-de-la-revolucion/: destino local presente en dist/.
/orientaciones/unidad-3-estado-surgido-de-la-revolucion/,30,Teorizando sobre la Revolución Mexicana: interpretaciones de sus historiadores y cronistas,/lecturas/teorizando-revolucion-mexicana/,ruta_interna,resuelto_localmente,/lecturas/teorizando-revolucion-mexicana/,,aprobado,/orientaciones/unidad-3-estado-surgido-de-la-revolucion/: destino local presente en dist/.
/orientaciones/unidad-3-estado-surgido-de-la-revolucion/,31,"Ruta B: Cardenismo, territorio y reformas sociales",#ruta-analisis-b,ancla_en_pagina,resuelto_localmente,#ruta-analisis-b,,aprobado,/orientaciones/unidad-3-estado-surgido-de-la-revolucion/: destino local presente en dist/.
/orientaciones/unidad-3-estado-surgido-de-la-revolucion/,32,"Ruta C: Soberanía, Constitución y política exterior",#ruta-analisis-c,ancla_en_pagina,resuelto_localmente,#ruta-analisis-c,,aprobado,/orientaciones/unidad-3-estado-surgido-de-la-revolucion/: destino local presente en dist/.
/orientaciones/unidad-3-estado-surgido-de-la-revolucion/,33,"Ruta D: Educación, ciencia, cultura y ciudadanía",#ruta-analisis-d,ancla_en_pagina,resuelto_localmente,#ruta-analisis-d,,aprobado,/orientaciones/unidad-3-estado-surgido-de-la-revolucion/: destino local presente en dist/.
/orientaciones/unidad-3-estado-surgido-de-la-revolucion/,34,Documentos fundamentales de la Revolución Mexicana,/lecturas/documentos-fundamentales-revolucion-mexicana/,ruta_interna,resuelto_localmente,/lecturas/documentos-fundamentales-revolucion-mexicana/,,aprobado,/orientaciones/unidad-3-estado-surgido-de-la-revolucion/: destino local presente en dist/.
/orientaciones/unidad-3-estado-surgido-de-la-revolucion/,35,"Ruta D: Educación, ciencia, cultura y ciudadanía",#ruta-analisis-d,ancla_en_pagina,resuelto_localmente,#ruta-analisis-d,,aprobado,/orientaciones/unidad-3-estado-surgido-de-la-revolucion/: destino local presente en dist/.
/orientaciones/unidad-3-estado-surgido-de-la-revolucion/,36,La prensa como instrumento científico en tiempos de la Revolución,/lecturas/prensa-instrumento-cientifico-revolucion/,ruta_interna,resuelto_localmente,/lecturas/prensa-instrumento-cientifico-revolucion/,,aprobado,/orientaciones/unidad-3-estado-surgido-de-la-revolucion/: destino local presente en dist/.
/orientaciones/unidad-3-estado-surgido-de-la-revolucion/,37,"Ruta C: Soberanía, Constitución y política exterior",#ruta-analisis-c,ancla_en_pagina,resuelto_localmente,#ruta-analisis-c,,aprobado,/orientaciones/unidad-3-estado-surgido-de-la-revolucion/: destino local presente en dist/.
/orientaciones/unidad-3-estado-surgido-de-la-revolucion/,38,"Relaciones México-Estados Unidos, 1911-1918",/lecturas/relaciones-mexico-estados-unidos-1911-1918/,ruta_interna,resuelto_localmente,/lecturas/relaciones-mexico-estados-unidos-1911-1918/,,aprobado,/orientaciones/unidad-3-estado-surgido-de-la-revolucion/: destino local presente en dist/.
/orientaciones/unidad-3-estado-surgido-de-la-revolucion/,39,Ruta A: Del caudillismo a las instituciones,#ruta-analisis-a,ancla_en_pagina,resuelto_localmente,#ruta-analisis-a,,aprobado,/orientaciones/unidad-3-estado-surgido-de-la-revolucion/: destino local presente en dist/.
/orientaciones/unidad-3-estado-surgido-de-la-revolucion/,40,"Ruta E: Herencias, arreglos y contradicciones de posguerra",#ruta-analisis-e,ancla_en_pagina,resuelto_localmente,#ruta-analisis-e,,aprobado,/orientaciones/unidad-3-estado-surgido-de-la-revolucion/: destino local presente en dist/.
/orientaciones/unidad-3-estado-surgido-de-la-revolucion/,41,Las elecciones y el sistema político,/lecturas/elecciones-sistema-politico/,ruta_interna,resuelto_localmente,/lecturas/elecciones-sistema-politico/,,aprobado,/orientaciones/unidad-3-estado-surgido-de-la-revolucion/: destino local presente en dist/.
/orientaciones/unidad-3-estado-surgido-de-la-revolucion/,42,Ruta A: Del caudillismo a las instituciones,#ruta-analisis-a,ancla_en_pagina,resuelto_localmente,#ruta-analisis-a,,aprobado,/orientaciones/unidad-3-estado-surgido-de-la-revolucion/: destino local presente en dist/.
/orientaciones/unidad-3-estado-surgido-de-la-revolucion/,43,"Ruta E: Herencias, arreglos y contradicciones de posguerra",#ruta-analisis-e,ancla_en_pagina,resuelto_localmente,#ruta-analisis-e,,aprobado,/orientaciones/unidad-3-estado-surgido-de-la-revolucion/: destino local presente en dist/.
/orientaciones/unidad-3-estado-surgido-de-la-revolucion/,44,El sistema político mexicano: la etapa clásica,/lecturas/sistema-politico-etapa-clasica/,ruta_interna,resuelto_localmente,/lecturas/sistema-politico-etapa-clasica/,,aprobado,/orientaciones/unidad-3-estado-surgido-de-la-revolucion/: destino local presente en dist/.
/orientaciones/unidad-3-estado-surgido-de-la-revolucion/,45,"Ruta C: Soberanía, Constitución y política exterior",#ruta-analisis-c,ancla_en_pagina,resuelto_localmente,#ruta-analisis-c,,aprobado,/orientaciones/unidad-3-estado-surgido-de-la-revolucion/: destino local presente en dist/.
/orientaciones/unidad-3-estado-surgido-de-la-revolucion/,46,"Ruta E: Herencias, arreglos y contradicciones de posguerra",#ruta-analisis-e,ancla_en_pagina,resuelto_localmente,#ruta-analisis-e,,aprobado,/orientaciones/unidad-3-estado-surgido-de-la-revolucion/: destino local presente en dist/.
/orientaciones/unidad-3-estado-surgido-de-la-revolucion/,47,"Sobre Soledad Loaeza, A la sombra de la superpotencia: tres presidentes mexicanos en la Guerra Fría, 1945-1958",/lecturas/resena-loaeza-sombra-superpotencia/,ruta_interna,resuelto_localmente,/lecturas/resena-loaeza-sombra-superpotencia/,,aprobado,/orientaciones/unidad-3-estado-surgido-de-la-revolucion/: destino local presente en dist/.
/orientaciones/unidad-3-estado-surgido-de-la-revolucion/,48,Estado surgido de la Revolución,/unidades/estado-surgido-de-la-revolucion/,ruta_interna,resuelto_localmente,/unidades/estado-surgido-de-la-revolucion/,,aprobado,/orientaciones/unidad-3-estado-surgido-de-la-revolucion/: destino local presente en dist/.
/orientaciones/unidad-3-estado-surgido-de-la-revolucion/,49,Metodología y límites,/acerca/,ruta_interna,resuelto_localmente,/acerca/,,aprobado,/orientaciones/unidad-3-estado-surgido-de-la-revolucion/: destino local presente en dist/.
/orientaciones/unidad-3-estado-surgido-de-la-revolucion/,50,Navegación docente,/orientaciones/,ruta_interna,resuelto_localmente,/orientaciones/,,aprobado,/orientaciones/unidad-3-estado-surgido-de-la-revolucion/: destino local presente en dist/.
/unidades/consolidacion-sistema-politico-autoritario/,1,Saltar al contenido principal,#contenido-principal,ancla_en_pagina,resuelto_localmente,#contenido-principal,,aprobado,/unidades/consolidacion-sistema-politico-autoritario/: destino local presente en dist/.
/unidades/consolidacion-sistema-politico-autoritario/,2,HII Historia Contemporánea de México II Preparatoria Agrícola · UACh,/,ruta_interna,resuelto_localmente,/,,aprobado,/unidades/consolidacion-sistema-politico-autoritario/: destino local presente en dist/.
/unidades/consolidacion-sistema-politico-autoritario/,3,Lecturas,/lecturas/,ruta_interna,resuelto_localmente,/lecturas/,,aprobado,/unidades/consolidacion-sistema-politico-autoritario/: destino local presente en dist/.
/unidades/consolidacion-sistema-politico-autoritario/,4,Unidades,/unidades/regimen-porfirista/,ruta_interna,resuelto_localmente,/unidades/regimen-porfirista/,,aprobado,/unidades/consolidacion-sistema-politico-autoritario/: destino local presente en dist/.
/unidades/consolidacion-sistema-politico-autoritario/,5,Orientaciones,/orientaciones/,ruta_interna,resuelto_localmente,/orientaciones/,,aprobado,/unidades/consolidacion-sistema-politico-autoritario/: destino local presente en dist/.
/unidades/consolidacion-sistema-politico-autoritario/,6,Acerca,/acerca/,ruta_interna,resuelto_localmente,/acerca/,,aprobado,/unidades/consolidacion-sistema-politico-autoritario/: destino local presente en dist/.
/unidades/consolidacion-sistema-politico-autoritario/,7,Inicio,/,ruta_interna,resuelto_localmente,/,,aprobado,/unidades/consolidacion-sistema-politico-autoritario/: destino local presente en dist/.
/unidades/consolidacion-sistema-politico-autoritario/,8,Arquitectura del sistema político autoritario,/orientaciones/arquitectura-sistema-politico-autoritario/,ruta_interna,resuelto_localmente,/orientaciones/arquitectura-sistema-politico-autoritario/,,aprobado,/unidades/consolidacion-sistema-politico-autoritario/: destino local presente en dist/.
/unidades/consolidacion-sistema-politico-autoritario/,9,Consultar orientación →,/orientaciones/arquitectura-sistema-politico-autoritario/,ruta_interna,resuelto_localmente,/orientaciones/arquitectura-sistema-politico-autoritario/,,aprobado,/unidades/consolidacion-sistema-politico-autoritario/: destino local presente en dist/.
/unidades/consolidacion-sistema-politico-autoritario/,10,El sistema político mexicano,/lecturas/sistema-politico-mexicano/,ruta_interna,resuelto_localmente,/lecturas/sistema-politico-mexicano/,,aprobado,/unidades/consolidacion-sistema-politico-autoritario/: destino local presente en dist/.
/unidades/consolidacion-sistema-politico-autoritario/,11,Las elecciones y el sistema político,/lecturas/elecciones-sistema-politico/,ruta_interna,resuelto_localmente,/lecturas/elecciones-sistema-politico/,,aprobado,/unidades/consolidacion-sistema-politico-autoritario/: destino local presente en dist/.
/unidades/consolidacion-sistema-politico-autoritario/,12,El sistema político mexicano: la etapa clásica,/lecturas/sistema-politico-etapa-clasica/,ruta_interna,resuelto_localmente,/lecturas/sistema-politico-etapa-clasica/,,aprobado,/unidades/consolidacion-sistema-politico-autoritario/: destino local presente en dist/.
/unidades/consolidacion-sistema-politico-autoritario/,13,"Sobre Soledad Loaeza, A la sombra de la superpotencia: tres presidentes mexicanos en la Guerra Fría, 1945-1958",/lecturas/resena-loaeza-sombra-superpotencia/,ruta_interna,resuelto_localmente,/lecturas/resena-loaeza-sombra-superpotencia/,,aprobado,/unidades/consolidacion-sistema-politico-autoritario/: destino local presente en dist/.
/unidades/consolidacion-sistema-politico-autoritario/,14,Documentos fundamentales de la Revolución Mexicana,/lecturas/documentos-fundamentales-revolucion-mexicana/,ruta_interna,resuelto_localmente,/lecturas/documentos-fundamentales-revolucion-mexicana/,,aprobado,/unidades/consolidacion-sistema-politico-autoritario/: destino local presente en dist/.
/unidades/consolidacion-sistema-politico-autoritario/,15,Sistema político mexicano: desarrollo y reacomodo del poder,/lecturas/sistema-politico-desarrollo-reacomodo-poder/,ruta_interna,resuelto_localmente,/lecturas/sistema-politico-desarrollo-reacomodo-poder/,,aprobado,/unidades/consolidacion-sistema-politico-autoritario/: destino local presente en dist/.
/unidades/consolidacion-sistema-politico-autoritario/,16,Metodología y límites,/acerca/,ruta_interna,resuelto_localmente,/acerca/,,aprobado,/unidades/consolidacion-sistema-politico-autoritario/: destino local presente en dist/.
/unidades/consolidacion-sistema-politico-autoritario/,17,Navegación docente,/orientaciones/,ruta_interna,resuelto_localmente,/orientaciones/,,aprobado,/unidades/consolidacion-sistema-politico-autoritario/: destino local presente en dist/.
/unidades/estado-surgido-de-la-revolucion/,1,Saltar al contenido principal,#contenido-principal,ancla_en_pagina,resuelto_localmente,#contenido-principal,,aprobado,/unidades/estado-surgido-de-la-revolucion/: destino local presente en dist/.
/unidades/estado-surgido-de-la-revolucion/,2,HII Historia Contemporánea de México II Preparatoria Agrícola · UACh,/,ruta_interna,resuelto_localmente,/,,aprobado,/unidades/estado-surgido-de-la-revolucion/: destino local presente en dist/.
/unidades/estado-surgido-de-la-revolucion/,3,Lecturas,/lecturas/,ruta_interna,resuelto_localmente,/lecturas/,,aprobado,/unidades/estado-surgido-de-la-revolucion/: destino local presente en dist/.
/unidades/estado-surgido-de-la-revolucion/,4,Unidades,/unidades/regimen-porfirista/,ruta_interna,resuelto_localmente,/unidades/regimen-porfirista/,,aprobado,/unidades/estado-surgido-de-la-revolucion/: destino local presente en dist/.
/unidades/estado-surgido-de-la-revolucion/,5,Orientaciones,/orientaciones/,ruta_interna,resuelto_localmente,/orientaciones/,,aprobado,/unidades/estado-surgido-de-la-revolucion/: destino local presente en dist/.
/unidades/estado-surgido-de-la-revolucion/,6,Acerca,/acerca/,ruta_interna,resuelto_localmente,/acerca/,,aprobado,/unidades/estado-surgido-de-la-revolucion/: destino local presente en dist/.
/unidades/estado-surgido-de-la-revolucion/,7,Inicio,/,ruta_interna,resuelto_localmente,/,,aprobado,/unidades/estado-surgido-de-la-revolucion/: destino local presente en dist/.
/unidades/estado-surgido-de-la-revolucion/,8,ORI_HIST2_U3_TRAMA_01,/orientaciones/unidad-3-estado-surgido-de-la-revolucion/,ruta_interna,resuelto_localmente,/orientaciones/unidad-3-estado-surgido-de-la-revolucion/,,aprobado,/unidades/estado-surgido-de-la-revolucion/: destino local presente en dist/.
/unidades/estado-surgido-de-la-revolucion/,9,Trama transversal de la Unidad 3 — Estado surgido de la Revolución,/orientaciones/unidad-3-estado-surgido-de-la-revolucion/,ruta_interna,resuelto_localmente,/orientaciones/unidad-3-estado-surgido-de-la-revolucion/,,aprobado,/unidades/estado-surgido-de-la-revolucion/: destino local presente en dist/.
/unidades/estado-surgido-de-la-revolucion/,10,Consultar orientación →,/orientaciones/unidad-3-estado-surgido-de-la-revolucion/,ruta_interna,resuelto_localmente,/orientaciones/unidad-3-estado-surgido-de-la-revolucion/,,aprobado,/unidades/estado-surgido-de-la-revolucion/: destino local presente en dist/.
/unidades/estado-surgido-de-la-revolucion/,11,"Yaquis. Memoria, territorio y participación política",/lecturas/yaquis-memoria-territorio-participacion-politica/,ruta_interna,resuelto_localmente,/lecturas/yaquis-memoria-territorio-participacion-politica/,,aprobado,/unidades/estado-surgido-de-la-revolucion/: destino local presente en dist/.
/unidades/estado-surgido-de-la-revolucion/,12,El sistema político mexicano,/lecturas/sistema-politico-mexicano/,ruta_interna,resuelto_localmente,/lecturas/sistema-politico-mexicano/,,aprobado,/unidades/estado-surgido-de-la-revolucion/: destino local presente en dist/.
/unidades/estado-surgido-de-la-revolucion/,13,Teorizando sobre la Revolución Mexicana: interpretaciones de sus historiadores y cronistas,/lecturas/teorizando-revolucion-mexicana/,ruta_interna,resuelto_localmente,/lecturas/teorizando-revolucion-mexicana/,,aprobado,/unidades/estado-surgido-de-la-revolucion/: destino local presente en dist/.
/unidades/estado-surgido-de-la-revolucion/,14,Documentos fundamentales de la Revolución Mexicana,/lecturas/documentos-fundamentales-revolucion-mexicana/,ruta_interna,resuelto_localmente,/lecturas/documentos-fundamentales-revolucion-mexicana/,,aprobado,/unidades/estado-surgido-de-la-revolucion/: destino local presente en dist/.
/unidades/estado-surgido-de-la-revolucion/,15,La prensa como instrumento científico en tiempos de la Revolución,/lecturas/prensa-instrumento-cientifico-revolucion/,ruta_interna,resuelto_localmente,/lecturas/prensa-instrumento-cientifico-revolucion/,,aprobado,/unidades/estado-surgido-de-la-revolucion/: destino local presente en dist/.
/unidades/estado-surgido-de-la-revolucion/,16,"Relaciones México-Estados Unidos, 1911-1918",/lecturas/relaciones-mexico-estados-unidos-1911-1918/,ruta_interna,resuelto_localmente,/lecturas/relaciones-mexico-estados-unidos-1911-1918/,,aprobado,/unidades/estado-surgido-de-la-revolucion/: destino local presente en dist/.
/unidades/estado-surgido-de-la-revolucion/,17,Las elecciones y el sistema político,/lecturas/elecciones-sistema-politico/,ruta_interna,resuelto_localmente,/lecturas/elecciones-sistema-politico/,,aprobado,/unidades/estado-surgido-de-la-revolucion/: destino local presente en dist/.
/unidades/estado-surgido-de-la-revolucion/,18,El sistema político mexicano: la etapa clásica,/lecturas/sistema-politico-etapa-clasica/,ruta_interna,resuelto_localmente,/lecturas/sistema-politico-etapa-clasica/,,aprobado,/unidades/estado-surgido-de-la-revolucion/: destino local presente en dist/.
/unidades/estado-surgido-de-la-revolucion/,19,"Sobre Soledad Loaeza, A la sombra de la superpotencia: tres presidentes mexicanos en la Guerra Fría, 1945-1958",/lecturas/resena-loaeza-sombra-superpotencia/,ruta_interna,resuelto_localmente,/lecturas/resena-loaeza-sombra-superpotencia/,,aprobado,/unidades/estado-surgido-de-la-revolucion/: destino local presente en dist/.
/unidades/estado-surgido-de-la-revolucion/,20,Metodología y límites,/acerca/,ruta_interna,resuelto_localmente,/acerca/,,aprobado,/unidades/estado-surgido-de-la-revolucion/: destino local presente en dist/.
/unidades/estado-surgido-de-la-revolucion/,21,Navegación docente,/orientaciones/,ruta_interna,resuelto_localmente,/orientaciones/,,aprobado,/unidades/estado-surgido-de-la-revolucion/: destino local presente en dist/.
/unidades/neoliberalismo-y-alternancia/,1,Saltar al contenido principal,#contenido-principal,ancla_en_pagina,resuelto_localmente,#contenido-principal,,aprobado,/unidades/neoliberalismo-y-alternancia/: destino local presente en dist/.
/unidades/neoliberalismo-y-alternancia/,2,HII Historia Contemporánea de México II Preparatoria Agrícola · UACh,/,ruta_interna,resuelto_localmente,/,,aprobado,/unidades/neoliberalismo-y-alternancia/: destino local presente en dist/.
/unidades/neoliberalismo-y-alternancia/,3,Lecturas,/lecturas/,ruta_interna,resuelto_localmente,/lecturas/,,aprobado,/unidades/neoliberalismo-y-alternancia/: destino local presente en dist/.
/unidades/neoliberalismo-y-alternancia/,4,Unidades,/unidades/regimen-porfirista/,ruta_interna,resuelto_localmente,/unidades/regimen-porfirista/,,aprobado,/unidades/neoliberalismo-y-alternancia/: destino local presente en dist/.
/unidades/neoliberalismo-y-alternancia/,5,Orientaciones,/orientaciones/,ruta_interna,resuelto_localmente,/orientaciones/,,aprobado,/unidades/neoliberalismo-y-alternancia/: destino local presente en dist/.
/unidades/neoliberalismo-y-alternancia/,6,Acerca,/acerca/,ruta_interna,resuelto_localmente,/acerca/,,aprobado,/unidades/neoliberalismo-y-alternancia/: destino local presente en dist/.
/unidades/neoliberalismo-y-alternancia/,7,Inicio,/,ruta_interna,resuelto_localmente,/,,aprobado,/unidades/neoliberalismo-y-alternancia/: destino local presente en dist/.
/unidades/neoliberalismo-y-alternancia/,8,Sistema político mexicano: desarrollo y reacomodo del poder,/lecturas/sistema-politico-desarrollo-reacomodo-poder/,ruta_interna,resuelto_localmente,/lecturas/sistema-politico-desarrollo-reacomodo-poder/,,aprobado,/unidades/neoliberalismo-y-alternancia/: destino local presente en dist/.
/unidades/neoliberalismo-y-alternancia/,9,"Yaquis. Memoria, territorio y participación política",/lecturas/yaquis-memoria-territorio-participacion-politica/,ruta_interna,resuelto_localmente,/lecturas/yaquis-memoria-territorio-participacion-politica/,,aprobado,/unidades/neoliberalismo-y-alternancia/: destino local presente en dist/.
/unidades/neoliberalismo-y-alternancia/,10,El sistema político mexicano,/lecturas/sistema-politico-mexicano/,ruta_interna,resuelto_localmente,/lecturas/sistema-politico-mexicano/,,aprobado,/unidades/neoliberalismo-y-alternancia/: destino local presente en dist/.
/unidades/neoliberalismo-y-alternancia/,11,Las elecciones y el sistema político,/lecturas/elecciones-sistema-politico/,ruta_interna,resuelto_localmente,/lecturas/elecciones-sistema-politico/,,aprobado,/unidades/neoliberalismo-y-alternancia/: destino local presente en dist/.
/unidades/neoliberalismo-y-alternancia/,12,El sistema político mexicano: la etapa clásica,/lecturas/sistema-politico-etapa-clasica/,ruta_interna,resuelto_localmente,/lecturas/sistema-politico-etapa-clasica/,,aprobado,/unidades/neoliberalismo-y-alternancia/: destino local presente en dist/.
/unidades/neoliberalismo-y-alternancia/,13,Metodología y límites,/acerca/,ruta_interna,resuelto_localmente,/acerca/,,aprobado,/unidades/neoliberalismo-y-alternancia/: destino local presente en dist/.
/unidades/neoliberalismo-y-alternancia/,14,Navegación docente,/orientaciones/,ruta_interna,resuelto_localmente,/orientaciones/,,aprobado,/unidades/neoliberalismo-y-alternancia/: destino local presente en dist/.
/unidades/regimen-porfirista/,1,Saltar al contenido principal,#contenido-principal,ancla_en_pagina,resuelto_localmente,#contenido-principal,,aprobado,/unidades/regimen-porfirista/: destino local presente en dist/.
/unidades/regimen-porfirista/,2,HII Historia Contemporánea de México II Preparatoria Agrícola · UACh,/,ruta_interna,resuelto_localmente,/,,aprobado,/unidades/regimen-porfirista/: destino local presente en dist/.
/unidades/regimen-porfirista/,3,Lecturas,/lecturas/,ruta_interna,resuelto_localmente,/lecturas/,,aprobado,/unidades/regimen-porfirista/: destino local presente en dist/.
/unidades/regimen-porfirista/,4,Unidades,/unidades/regimen-porfirista/,ruta_interna,resuelto_localmente,/unidades/regimen-porfirista/,,aprobado,/unidades/regimen-porfirista/: destino local presente en dist/.
/unidades/regimen-porfirista/,5,Orientaciones,/orientaciones/,ruta_interna,resuelto_localmente,/orientaciones/,,aprobado,/unidades/regimen-porfirista/: destino local presente en dist/.
/unidades/regimen-porfirista/,6,Acerca,/acerca/,ruta_interna,resuelto_localmente,/acerca/,,aprobado,/unidades/regimen-porfirista/: destino local presente en dist/.
/unidades/regimen-porfirista/,7,Inicio,/,ruta_interna,resuelto_localmente,/,,aprobado,/unidades/regimen-porfirista/: destino local presente en dist/.
/unidades/regimen-porfirista/,8,"Modernización, territorio y contradicciones en el Régimen Porfirista",/orientaciones/modernizacion-territorio-contradicciones-regimen-porfirista/,ruta_interna,resuelto_localmente,/orientaciones/modernizacion-territorio-contradicciones-regimen-porfirista/,,aprobado,/unidades/regimen-porfirista/: destino local presente en dist/.
/unidades/regimen-porfirista/,9,Consultar orientación →,/orientaciones/modernizacion-territorio-contradicciones-regimen-porfirista/,ruta_interna,resuelto_localmente,/orientaciones/modernizacion-territorio-contradicciones-regimen-porfirista/,,aprobado,/unidades/regimen-porfirista/: destino local presente en dist/.
/unidades/regimen-porfirista/,10,"Estado, reelección y legitimidad en el Régimen Porfirista",/orientaciones/estado-reeleccion-legitimidad-regimen-porfirista/,ruta_interna,resuelto_localmente,/orientaciones/estado-reeleccion-legitimidad-regimen-porfirista/,,aprobado,/unidades/regimen-porfirista/: destino local presente en dist/.
/unidades/regimen-porfirista/,11,Consultar orientación →,/orientaciones/estado-reeleccion-legitimidad-regimen-porfirista/,ruta_interna,resuelto_localmente,/orientaciones/estado-reeleccion-legitimidad-regimen-porfirista/,,aprobado,/unidades/regimen-porfirista/: destino local presente en dist/.
/unidades/regimen-porfirista/,12,La dictadura porfirista,/lecturas/dictadura-porfirista/,ruta_interna,resuelto_localmente,/lecturas/dictadura-porfirista/,,aprobado,/unidades/regimen-porfirista/: destino local presente en dist/.
/unidades/regimen-porfirista/,13,"Yaquis. Memoria, territorio y participación política",/lecturas/yaquis-memoria-territorio-participacion-politica/,ruta_interna,resuelto_localmente,/lecturas/yaquis-memoria-territorio-participacion-politica/,,aprobado,/unidades/regimen-porfirista/: destino local presente en dist/.
/unidades/regimen-porfirista/,14,La Revolución y los revolucionarios. Tomo I: La crisis del Porfirismo,/lecturas/crisis-del-porfirismo/,ruta_interna,resuelto_localmente,/lecturas/crisis-del-porfirismo/,,aprobado,/unidades/regimen-porfirista/: destino local presente en dist/.
/unidades/regimen-porfirista/,15,"Porfirio Díaz (1830-1915): La Constitución, la dictadura y la reelección",/lecturas/porfirio-diaz-constitucion-dictadura-reeleccion/,ruta_interna,resuelto_localmente,/lecturas/porfirio-diaz-constitucion-dictadura-reeleccion/,,aprobado,/unidades/regimen-porfirista/: destino local presente en dist/.
/unidades/regimen-porfirista/,16,El sistema político mexicano,/lecturas/sistema-politico-mexicano/,ruta_interna,resuelto_localmente,/lecturas/sistema-politico-mexicano/,,aprobado,/unidades/regimen-porfirista/: destino local presente en dist/.
/unidades/regimen-porfirista/,17,Teorizando sobre la Revolución Mexicana: interpretaciones de sus historiadores y cronistas,/lecturas/teorizando-revolucion-mexicana/,ruta_interna,resuelto_localmente,/lecturas/teorizando-revolucion-mexicana/,,aprobado,/unidades/regimen-porfirista/: destino local presente en dist/.
/unidades/regimen-porfirista/,18,Documentos fundamentales de la Revolución Mexicana,/lecturas/documentos-fundamentales-revolucion-mexicana/,ruta_interna,resuelto_localmente,/lecturas/documentos-fundamentales-revolucion-mexicana/,,aprobado,/unidades/regimen-porfirista/: destino local presente en dist/.
/unidades/regimen-porfirista/,19,Historia militar de la Revolución en la época maderista. Tomo I,/lecturas/historia-militar-revolucion-epoca-maderista-tomo-1/,ruta_interna,resuelto_localmente,/lecturas/historia-militar-revolucion-epoca-maderista-tomo-1/,,aprobado,/unidades/regimen-porfirista/: destino local presente en dist/.
/unidades/regimen-porfirista/,20,Historia militar de la Revolución en la época maderista. Tomo II,/lecturas/historia-militar-revolucion-epoca-maderista-tomo-2/,ruta_interna,resuelto_localmente,/lecturas/historia-militar-revolucion-epoca-maderista-tomo-2/,,aprobado,/unidades/regimen-porfirista/: destino local presente en dist/.
/unidades/regimen-porfirista/,21,Historia militar de la Revolución en la época maderista. Tomo III,/lecturas/historia-militar-revolucion-epoca-maderista-tomo-3/,ruta_interna,resuelto_localmente,/lecturas/historia-militar-revolucion-epoca-maderista-tomo-3/,,aprobado,/unidades/regimen-porfirista/: destino local presente en dist/.
/unidades/regimen-porfirista/,22,La Revolución Mexicana. Un laboratorio visual entre fotógrafos y cámaras,/lecturas/revolucion-mexicana-laboratorio-visual-fotografos-camaras/,ruta_interna,resuelto_localmente,/lecturas/revolucion-mexicana-laboratorio-visual-fotografos-camaras/,,aprobado,/unidades/regimen-porfirista/: destino local presente en dist/.
/unidades/regimen-porfirista/,23,La prensa como instrumento científico en tiempos de la Revolución,/lecturas/prensa-instrumento-cientifico-revolucion/,ruta_interna,resuelto_localmente,/lecturas/prensa-instrumento-cientifico-revolucion/,,aprobado,/unidades/regimen-porfirista/: destino local presente en dist/.
/unidades/regimen-porfirista/,24,Metodología y límites,/acerca/,ruta_interna,resuelto_localmente,/acerca/,,aprobado,/unidades/regimen-porfirista/: destino local presente en dist/.
/unidades/regimen-porfirista/,25,Navegación docente,/orientaciones/,ruta_interna,resuelto_localmente,/orientaciones/,,aprobado,/unidades/regimen-porfirista/: destino local presente en dist/.
/unidades/revolucion-mexicana/,1,Saltar al contenido principal,#contenido-principal,ancla_en_pagina,resuelto_localmente,#contenido-principal,,aprobado,/unidades/revolucion-mexicana/: destino local presente en dist/.
/unidades/revolucion-mexicana/,2,HII Historia Contemporánea de México II Preparatoria Agrícola · UACh,/,ruta_interna,resuelto_localmente,/,,aprobado,/unidades/revolucion-mexicana/: destino local presente en dist/.
/unidades/revolucion-mexicana/,3,Lecturas,/lecturas/,ruta_interna,resuelto_localmente,/lecturas/,,aprobado,/unidades/revolucion-mexicana/: destino local presente en dist/.
/unidades/revolucion-mexicana/,4,Unidades,/unidades/regimen-porfirista/,ruta_interna,resuelto_localmente,/unidades/regimen-porfirista/,,aprobado,/unidades/revolucion-mexicana/: destino local presente en dist/.
/unidades/revolucion-mexicana/,5,Orientaciones,/orientaciones/,ruta_interna,resuelto_localmente,/orientaciones/,,aprobado,/unidades/revolucion-mexicana/: destino local presente en dist/.
/unidades/revolucion-mexicana/,6,Acerca,/acerca/,ruta_interna,resuelto_localmente,/acerca/,,aprobado,/unidades/revolucion-mexicana/: destino local presente en dist/.
/unidades/revolucion-mexicana/,7,Inicio,/,ruta_interna,resuelto_localmente,/,,aprobado,/unidades/revolucion-mexicana/: destino local presente en dist/.
/unidades/revolucion-mexicana/,8,Del antirreeleccionismo al levantamiento,/orientaciones/antirreeleccionismo-levantamiento-revolucion-mexicana/,ruta_interna,resuelto_localmente,/orientaciones/antirreeleccionismo-levantamiento-revolucion-mexicana/,,aprobado,/unidades/revolucion-mexicana/: destino local presente en dist/.
/unidades/revolucion-mexicana/,9,Consultar orientación →,/orientaciones/antirreeleccionismo-levantamiento-revolucion-mexicana/,ruta_interna,resuelto_localmente,/orientaciones/antirreeleccionismo-levantamiento-revolucion-mexicana/,,aprobado,/unidades/revolucion-mexicana/: destino local presente en dist/.
/unidades/revolucion-mexicana/,10,"Maderismo, Decena Trágica y ruptura de 1913",/orientaciones/maderismo-decena-tragica-ruptura-1913/,ruta_interna,resuelto_localmente,/orientaciones/maderismo-decena-tragica-ruptura-1913/,,aprobado,/unidades/revolucion-mexicana/: destino local presente en dist/.
/unidades/revolucion-mexicana/,11,Consultar orientación →,/orientaciones/maderismo-decena-tragica-ruptura-1913/,ruta_interna,resuelto_localmente,/orientaciones/maderismo-decena-tragica-ruptura-1913/,,aprobado,/unidades/revolucion-mexicana/: destino local presente en dist/.
/unidades/revolucion-mexicana/,12,La Revolución y los revolucionarios. Tomo II: Maderismo,/lecturas/maderismo/,ruta_interna,resuelto_localmente,/lecturas/maderismo/,,aprobado,/unidades/revolucion-mexicana/: destino local presente en dist/.
/unidades/revolucion-mexicana/,13,La Revolución y los revolucionarios. Tomo III: La revolución constitucionalista,/lecturas/revolucion-constitucionalista/,ruta_interna,resuelto_localmente,/lecturas/revolucion-constitucionalista/,,aprobado,/unidades/revolucion-mexicana/: destino local presente en dist/.
/unidades/revolucion-mexicana/,14,Teorizando sobre la Revolución Mexicana: interpretaciones de sus historiadores y cronistas,/lecturas/teorizando-revolucion-mexicana/,ruta_interna,resuelto_localmente,/lecturas/teorizando-revolucion-mexicana/,,aprobado,/unidades/revolucion-mexicana/: destino local presente en dist/.
/unidades/revolucion-mexicana/,15,Documentos fundamentales de la Revolución Mexicana,/lecturas/documentos-fundamentales-revolucion-mexicana/,ruta_interna,resuelto_localmente,/lecturas/documentos-fundamentales-revolucion-mexicana/,,aprobado,/unidades/revolucion-mexicana/: destino local presente en dist/.
/unidades/revolucion-mexicana/,16,Historia militar de la Revolución en la época maderista. Tomo I,/lecturas/historia-militar-revolucion-epoca-maderista-tomo-1/,ruta_interna,resuelto_localmente,/lecturas/historia-militar-revolucion-epoca-maderista-tomo-1/,,aprobado,/unidades/revolucion-mexicana/: destino local presente en dist/.
/unidades/revolucion-mexicana/,17,Historia militar de la Revolución en la época maderista. Tomo II,/lecturas/historia-militar-revolucion-epoca-maderista-tomo-2/,ruta_interna,resuelto_localmente,/lecturas/historia-militar-revolucion-epoca-maderista-tomo-2/,,aprobado,/unidades/revolucion-mexicana/: destino local presente en dist/.
/unidades/revolucion-mexicana/,18,Historia militar de la Revolución en la época maderista. Tomo III,/lecturas/historia-militar-revolucion-epoca-maderista-tomo-3/,ruta_interna,resuelto_localmente,/lecturas/historia-militar-revolucion-epoca-maderista-tomo-3/,,aprobado,/unidades/revolucion-mexicana/: destino local presente en dist/.
/unidades/revolucion-mexicana/,19,La Revolución Mexicana. Un laboratorio visual entre fotógrafos y cámaras,/lecturas/revolucion-mexicana-laboratorio-visual-fotografos-camaras/,ruta_interna,resuelto_localmente,/lecturas/revolucion-mexicana-laboratorio-visual-fotografos-camaras/,,aprobado,/unidades/revolucion-mexicana/: destino local presente en dist/.
/unidades/revolucion-mexicana/,20,La prensa como instrumento científico en tiempos de la Revolución,/lecturas/prensa-instrumento-cientifico-revolucion/,ruta_interna,resuelto_localmente,/lecturas/prensa-instrumento-cientifico-revolucion/,,aprobado,/unidades/revolucion-mexicana/: destino local presente en dist/.
/unidades/revolucion-mexicana/,21,"Relaciones México-Estados Unidos, 1911-1918",/lecturas/relaciones-mexico-estados-unidos-1911-1918/,ruta_interna,resuelto_localmente,/lecturas/relaciones-mexico-estados-unidos-1911-1918/,,aprobado,/unidades/revolucion-mexicana/: destino local presente en dist/.
/unidades/revolucion-mexicana/,22,"Felipe Ángeles: El general revolucionario y el generoso académico. Entre la milicia, la física y las matemáticas",/lecturas/felipe-angeles-general-revolucionario-generoso-academico/,ruta_interna,resuelto_localmente,/lecturas/felipe-angeles-general-revolucionario-generoso-academico/,,aprobado,/unidades/revolucion-mexicana/: destino local presente en dist/.
/unidades/revolucion-mexicana/,23,La dictadura porfirista,/lecturas/dictadura-porfirista/,ruta_interna,resuelto_localmente,/lecturas/dictadura-porfirista/,,aprobado,/unidades/revolucion-mexicana/: destino local presente en dist/.
/unidades/revolucion-mexicana/,24,"Yaquis. Memoria, territorio y participación política",/lecturas/yaquis-memoria-territorio-participacion-politica/,ruta_interna,resuelto_localmente,/lecturas/yaquis-memoria-territorio-participacion-politica/,,aprobado,/unidades/revolucion-mexicana/: destino local presente en dist/.
/unidades/revolucion-mexicana/,25,El sistema político mexicano,/lecturas/sistema-politico-mexicano/,ruta_interna,resuelto_localmente,/lecturas/sistema-politico-mexicano/,,aprobado,/unidades/revolucion-mexicana/: destino local presente en dist/.
/unidades/revolucion-mexicana/,26,La Revolución y los revolucionarios. Tomo I: La crisis del Porfirismo,/lecturas/crisis-del-porfirismo/,ruta_interna,resuelto_localmente,/lecturas/crisis-del-porfirismo/,,aprobado,/unidades/revolucion-mexicana/: destino local presente en dist/.
/unidades/revolucion-mexicana/,27,"Porfirio Díaz (1830-1915): La Constitución, la dictadura y la reelección",/lecturas/porfirio-diaz-constitucion-dictadura-reeleccion/,ruta_interna,resuelto_localmente,/lecturas/porfirio-diaz-constitucion-dictadura-reeleccion/,,aprobado,/unidades/revolucion-mexicana/: destino local presente en dist/.
/unidades/revolucion-mexicana/,28,Metodología y límites,/acerca/,ruta_interna,resuelto_localmente,/acerca/,,aprobado,/unidades/revolucion-mexicana/: destino local presente en dist/.
/unidades/revolucion-mexicana/,29,Navegación docente,/orientaciones/,ruta_interna,resuelto_localmente,/orientaciones/,,aprobado,/unidades/revolucion-mexicana/: destino local presente en dist/.
